ùóôùòÇùóπùóπ ùó°ùóÆùó∫ùó≤,ùó¶ùòÅùóøùó≤ùó≤ùòÅ,ùóñùó∂ùòÅùòÜ,ùó¶ùòÅùóÆùòÅùó≤,ùó≠ùó∂ùóΩ ùóñùóºùó±ùó≤,ùó£ùóµùóºùóªùó≤ ùó°ùòÇùó∫ùóØùó≤ùóø,ùóñùóºùòÇùóªùòÅùóøùòÜ
Michael Mccoy,1369 Hamilton Plaza,Sharihaven,Illinois,53999,(684)737-4372x430,United States
Michael Huffman,95050 Jackson Ports,Pottsmouth,Vermont,13555,283-496-8874,United States
Susan Sutton,610 Montoya Island Apt. 316,Adkinsville,South Dakota,28990,798-382-9761,United States
Lisa Schroeder,83920 Kimberly Roads Apt. 117,Nelsonberg,Indiana,56312,+1-324-931-8925x2162,United States
John Young,52872 Gutierrez Walk,Spencerbury,West Virginia,39055,208.997.9568,United States
Victor Solis,2587 Anthony Meadow,Calderonton,Ohio,91926,782.280.9318x02924,United States
Robert Allen,42051 Nina Forks Suite 341,South Jeremymouth,Kansas,59539,8164945034,United States
Taylor Paul,91165 Perez Well Apt. 495,North Jonathanland,Michigan,92110,(479)549-4028x133,United States
Hailey Webster,65545 Johns Brooks Suite 996,New Nicole,North Dakota,83461,001-638-991-1102x02752,United States
Carol Maxwell,001 Beltran Ports,Jamesberg,Illinois,32346,001-452-434-0681x980,United States
Jeremy Evans,8843 Torres Mountain Apt. 037,East Steven,Hawaii,49788,986.840.6249x9057,United States
Michael Kennedy,43205 Thomas Lake Apt. 570,Jamesfurt,South Dakota,58190,001-747-889-0335x06222,United States
Taylor Gomez,5718 Sarah Wall Suite 758,Smithland,West Virginia,20816,813.897.5659,United States
Megan Scott,9138 Graham Manor Apt. 858,Rollinstown,Iowa,84751,(537)818-5187,United States
Theodore Bailey,824 Ward Islands Apt. 581,Johnsonberg,Oklahoma,29342,(713)579-4353x7942,United States
Terry Leonard,419 Levi Roads,Maryview,Connecticut,83846,001-494-724-2177,United States
Nicholas Costa,4485 Kim Springs Apt. 369,Wardville,North Dakota,61316,+1-647-250-8722x3254,United States
Chelsey Taylor,41592 Leslie Curve Apt. 446,West Joshua,Pennsylvania,84421,907.909.5466,United States
Lori Shaffer,24460 Elliott Corners Suite 895,Riosstad,South Dakota,70466,+1-603-923-7285,United States
Thomas Nguyen,7613 Smith Cliff Apt. 343,New Suzannefort,Iowa,93001,505.631.5170,United States
Kevin Cole,5996 Whitehead Fork Apt. 813,North Megan,Oregon,28488,+1-545-759-4799,United States
Gerald Warner,8257 James Locks,Port Robert,Illinois,74799,001-637-743-9446x9309,United States
Jesse Cook,692 Kyle Port Apt. 968,Estradachester,Oklahoma,27228,(654)245-7888,United States
Dave Pierce,086 Joshua Row,North Ashley,Vermont,37798,724.596.2332,United States
Christopher Carr,96803 Misty Turnpike,Toddmouth,Mississippi,53950,535-843-5552,United States
Desiree Levy,0146 Maria Lights Apt. 031,South Jasmin,Colorado,68896,+1-698-374-5743x275,United States
Brandy Holt,598 Amy Creek,Mauriceport,Missouri,93942,4817118027,United States
Patricia Taylor,80474 Courtney Gateway,Cruzport,Washington,81185,001-787-782-7150,United States
Douglas Skinner,212 Glover Gardens,West Matthewmouth,California,61768,001-304-642-4858x03415,United States
Whitney Gray,1010 King Drive Suite 479,Wilsontown,Kentucky,65710,+1-997-498-0612x815,United States
Keith Johnson,3088 Misty Manors,Mariachester,Kansas,91307,+1-931-971-7594,United States
Jill Smith,427 Kelly Underpass,Rodriguezside,Washington,81264,692-966-3396x481,United States
Carol Howard,12373 Wilkinson Mews,Port Victoria,Tennessee,49787,+1-512-587-1967x86268,United States
Kevin Ray,2808 Sanders Passage,New Michelle,North Dakota,53086,459.565.2361x753,United States
Jacob Dougherty,7435 Johnson Villages,North Thomasberg,Virginia,98672,289.739.3183x29347,United States
Diana Rodriguez,56366 Camacho Haven,Port Gregory,South Carolina,48843,(618)264-1298x46990,United States
Vincent Palmer,09267 Christopher Islands Suite 873,Grahamtown,Florida,88928,2889290279,United States
Sierra Avila,241 Baker Fall Apt. 202,Tammyview,New Jersey,06029,001-209-621-3292x96598,United States
Daniel Cohen,6883 Brian Brook,West Elizabeth,New Jersey,63266,661.238.3269,United States
Glenn Cooper,0841 Morris Path Suite 519,Smithborough,Massachusetts,34251,874-967-3016,United States
Jordan Wilson,7104 James Wells Suite 466,Lake Whitney,Wisconsin,81802,401.627.9818,United States
Clifford Kemp,257 Khan Manors Apt. 808,Port Melissa,Alabama,97237,613-401-3874x3658,United States
James Duffy,4924 Donna Islands Apt. 093,Jacobside,Mississippi,38780,329-821-6529x13233,United States
Brian Freeman,80454 Haas Heights,West Kimberly,Louisiana,53232,+1-885-875-5700x831,United States
Kara Stephens,3102 Martin Knolls,Clarkmouth,Oklahoma,79110,661-932-8240x87161,United States
Tonya Moore,96240 Jessica Crossing Apt. 615,Murilloville,Montana,03490,(468)436-4475x053,United States
Jimmy Baker,467 Huang Gateway Suite 987,West Geraldmouth,Kansas,87079,001-835-399-6045,United States
Matthew Shannon,83627 Steven Street,Moraleshaven,Montana,83921,(238)847-3586,United States
Tiffany Owens,6040 Shane Tunnel Apt. 304,South Anthonyton,Oregon,81990,(633)513-5749x23139,United States
Amanda Silva,4428 Morris Throughway,Lake Michelle,Kansas,84595,202.219.9043,United States
Kimberly Duncan,971 Carol Parkway Apt. 261,Lake Christophermouth,California,72099,+1-696-925-0430x9169,United States
Deanna Sanchez,420 Scott Crossroad Suite 172,Port Michaelchester,Wyoming,46896,701.595.9074x50747,United States
Paul Hernandez,060 Moses Rapids Suite 220,South Christopherburgh,Utah,54521,+1-823-272-1265,United States
Bryan Morrison,53044 Dennis Lane,Johnton,Iowa,90680,3452409718,United States
Maria Morales,5734 Carter Knolls,South Carmenfurt,Indiana,72905,+1-619-829-4121x8685,United States
Denise Garcia,909 Aaron Crest Suite 808,Lake Stephanie,Kentucky,13966,(414)689-0849x1826,United States
Jeffrey Spencer,4450 Crystal Ramp,New Patrick,Maine,22523,(847)773-9630x41532,United States
Angel Silva,509 Reid Passage Suite 127,Robinsonbury,Idaho,37009,221.588.1524,United States
Christina Thompson,7148 Sara Brooks,East Stacyburgh,Oklahoma,67397,+1-561-741-3645x1989,United States
Nicholas Rogers,009 Elliott Prairie,Donnatown,Pennsylvania,52102,8152076392,United States
Hunter Bailey,36030 Johns Parkways,East Williamburgh,Texas,79677,334-682-4070,United States
Amanda Crawford,248 Kramer Shore Apt. 326,Gardnerborough,Pennsylvania,00538,862.910.2708,United States
Ronald Warren,63798 Sheryl Prairie Apt. 410,South Matthew,Wyoming,23923,737.658.8910x3394,United States
James Mccoy,293 Weaver Villages Suite 925,Gomezhaven,Nevada,37114,852-990-5922x914,United States
John Thompson,151 Norma Skyway,Carolton,North Carolina,29999,001-995-657-8329x558,United States
Jacob Lopez,03762 Jessica Bypass Apt. 366,Dianemouth,Nebraska,38415,256.400.9490x2547,United States
Jacqueline Flores,46167 Sutton Trail Suite 208,East Kelly,Nevada,13708,356-307-1325x46503,United States
Christopher Carter,9717 Robert Streets,Lake Jill,Hawaii,20424,550.910.4448,United States
Jesse Oliver DVM,28046 Ryan Corners,South Sarahview,New Jersey,04406,731.558.5779x4202,United States
Bianca Mills,9870 Christine Cove,South Anthony,Rhode Island,50261,+1-950-273-3564x732,United States
Joshua Duran,307 Harry Mews Suite 328,Rojasmouth,South Dakota,70148,2256030211,United States
Jeffrey Foster,6505 Mejia Loaf Suite 852,South Melaniechester,New Jersey,03663,884.233.9621,United States
Erik Woods,64399 Erica Throughway Apt. 124,Wallacefurt,South Carolina,09919,001-219-807-8920x7901,United States
Janice Williams,32554 Myers Point,Port Crystal,Vermont,44730,+1-573-327-9546x01568,United States
Lisa King,11714 Edward Bypass,Thompsonburgh,North Carolina,23210,4519152263,United States
Mark Johnson,1816 Christopher Flats,Joshuashire,Wisconsin,96086,+1-303-424-3836,United States
Anna Reynolds,733 Bishop Gardens,Lake Benjaminburgh,Arkansas,83528,4809352943,United States
James Delacruz,9289 Lori Trafficway,Franklinfort,Florida,47319,519.868.0209x951,United States
Jessica Lowery,9254 Victor Park Suite 027,Hillberg,Washington,86979,(354)244-5064,United States
Ms. Sophia Schmidt,59189 Rachel Cliff Apt. 944,Thomasland,Delaware,35277,001-895-232-1708x37555,United States
Stephanie Bowman,475 Felicia Fork Apt. 324,North Travis,South Dakota,12099,398.510.1600,United States
Joseph Green,9338 Katelyn Shoal,Stuartborough,Maine,46106,(653)952-8958x62687,United States
Kristen Lawrence,613 Jared Junctions Suite 729,South Tiffany,Ohio,22194,+1-806-735-5091,United States
Dan Jackson,0972 Samuel Pine,Wallaceville,Illinois,83934,8802739168,United States
Sherri Harris,591 Murphy Neck,West Amy,Missouri,81520,839.891.3219x160,United States
Pamela Ryan,81672 Smith Extensions Apt. 687,Kimberlyborough,Kansas,44449,802.339.2947x309,United States
Stephanie Bradford,6623 Katherine Plain,Colleenstad,Maryland,51584,(994)234-3909x730,United States
Samuel Owens,04746 Shepherd Valleys Apt. 286,Port Katiestad,Pennsylvania,70931,(951)649-1262,United States
Joshua Reilly,779 Cain Loop Suite 181,Torresbury,Mississippi,03006,+1-857-730-9935x758,United States
Sandra Nolan,9431 Graham Ports,East Randystad,Connecticut,50369,2686174919,United States
Michaela Rogers,633 Young Ranch Suite 504,North John,Vermont,23259,846.448.3111,United States
Jeffrey Davidson,00242 Derek Stravenue Apt. 379,Wallaceburgh,Virginia,71659,+1-405-857-5490x54010,United States
Timothy Webb,2365 Susan Greens Suite 648,Port Kyle,West Virginia,53612,(763)904-1943x72016,United States
Cheryl Hawkins,700 Ronald Plain Suite 723,Lake Johnfurt,South Dakota,60088,+1-587-328-1279x354,United States
James Morales,6615 Allison Radial Suite 794,Amandashire,Illinois,43209,(565)284-7685,United States
Robert Greene,69708 Keller Hills Apt. 430,Garciabury,Maryland,36662,+1-517-896-7044x128,United States
Brian Juarez,53448 Julia Villages,Jennifermouth,Kentucky,71688,(918)827-8796x2804,United States
Tonya Wood,37457 Jackson Extensions,East Mollyburgh,South Dakota,49669,880-392-3539x685,United States
Brittany Wallace,8969 Gary Cliff,Perrychester,North Carolina,98916,920-325-5131,United States
Susan Mahoney,1728 Ho Circle,Rogersfort,Ohio,39305,320-733-3628,United States
Bryan Weaver,713 Grimes Cliffs,South Fred,Kentucky,51300,001-607-230-4643,United States
Lisa Giles,1771 Fletcher Trace Suite 947,Gregorymouth,Mississippi,74534,380.682.9525,United States
Stephanie Ray,545 Michael Station Suite 571,Bobbyshire,Illinois,70752,8928379886,United States
Michelle Diaz,502 Manning Harbors,Williamschester,Delaware,18964,316-997-0969,United States
Jacqueline White,168 Aguilar Camp,Brettport,Tennessee,90725,860.900.5994,United States
Samuel Sims,80242 Jimenez Mission,New Erinland,Washington,21026,(329)391-7083,United States
Mathew Oconnor,2451 Travis Glen Suite 639,Kimberlyhaven,Indiana,30337,(227)569-2359x9962,United States
Shelby Lambert,19637 Mendoza Lodge Apt. 185,West Melissa,Texas,25502,(746)807-8478x437,United States
Ashley Stewart,001 Erika Springs,Coxshire,Mississippi,11620,640-833-3457x1247,United States
Jennifer Lambert,972 Robinson Locks,Smithton,North Dakota,69938,(914)682-6146,United States
Jordan Combs,163 Singh Circles,Lindsayfort,Indiana,57986,001-604-298-9165x37563,United States
Kari Howard,238 Porter Bridge,Lake Judith,Maryland,43999,5795417071,United States
Nicole Richardson,476 Walker Crest,New Jacob,Montana,46629,325-422-9027x169,United States
Kimberly Hernandez,3956 Brenda Mountains Suite 119,Rogerfort,Indiana,09867,001-450-709-9892x805,United States
Justin Williams,6027 Crystal Estates Apt. 901,Laurenfurt,Georgia,91263,733.497.0342,United States
Leonard Barnett,4326 Mindy Throughway Apt. 184,Greeneview,Hawaii,39760,+1-207-876-0015x543,United States
Julie Nguyen,738 Mary Green Suite 527,Lake Josephfurt,South Dakota,99442,+1-359-572-5543x4407,United States
Scott Leonard,12174 Charles Trace,Lake Gabrielville,Maine,03364,(992)641-4264x97576,United States
Yolanda Lawson,204 Paula Junction,Lawrencetown,Wyoming,97518,001-751-448-3905x3352,United States
William Richardson,39187 Murphy Fields,Lake Derekmouth,Kentucky,68974,+1-452-726-0605,United States
Daniel Holloway,4151 King Parkways,North John,Hawaii,48702,420-640-4684x11091,United States
Hunter Thomas III,812 Jessica Shoal Suite 760,Stevenborough,Kansas,36702,(412)410-0909,United States
Christina Carson,5812 Erin Village Apt. 703,West Denisemouth,New Mexico,86305,001-565-686-7785,United States
Tina Kelly,47594 Jonathan Isle,Wilsonmouth,Arizona,56753,970-931-6925x65201,United States
Austin Walker,91811 John Skyway,Warnerburgh,Ohio,14398,+1-450-575-0413x577,United States
Heather Miller,8807 Nelson Tunnel Suite 743,Brownport,Michigan,21271,001-761-844-1816x69775,United States
Laura Holt,161 Alexis Fall Suite 859,Amychester,Utah,23195,+1-360-720-1167x409,United States
Evelyn Cardenas,61343 Green Shores,West Thomaschester,Missouri,26638,993-499-4087x1363,United States
Lisa Leon,633 Simpson Dale,Williamton,South Carolina,62269,001-336-821-4311x408,United States
Brenda West,77356 Kari Grove Apt. 384,East Michaelfort,Washington,25581,726-799-3685,United States
Jasmine Velez,791 Michael Summit Apt. 515,New Gary,Wisconsin,10451,529.234.2982x31655,United States
Javier Brooks,2967 Ruiz Freeway Apt. 001,Dickersonport,Michigan,92082,341-799-5254x3018,United States
John Anderson,063 Cynthia Creek Suite 611,North Jason,Massachusetts,68008,(793)393-3482x841,United States
Rhonda West,190 Jennifer Fields,South Edgar,Texas,71729,(640)301-4537x96541,United States
Nancy Gonzalez,4565 Margaret Centers Apt. 713,Alexisfort,Nevada,68560,001-369-286-0559x019,United States
Michael Frank,5476 Dawson Ramp,Victorialand,New Mexico,88740,571.711.9345x325,United States
Rachel Martinez DDS,0409 Walter Villages,North Samuelville,Colorado,52257,766-674-6575x43230,United States
Janice Michael,0391 Roy Burg Apt. 970,New Kristinside,Maine,78240,785-961-0948x80141,United States
Karen Andrews,854 Frank Mills,Simmonsport,New Mexico,37270,278-703-4180x654,United States
Charlene Wilson,603 Christopher Field,Campbellberg,Vermont,22053,877.450.8842x8177,United States
Paul Coffey,2084 Reed Mill Apt. 498,Port Megan,Arizona,54610,(915)619-6796x13637,United States
Kristine Mack,314 Melissa Ridge,Lake Roberttown,South Dakota,69977,796-592-6322,United States
Nicole Phillips,0717 Johns Gateway Suite 792,West Shawnfort,Nevada,03917,618.872.4485,United States
James Fisher,91812 Lisa Bridge,Port James,Vermont,60215,656-956-5737,United States
Gina Smith,24848 Cynthia Pines,New James,New Hampshire,80892,753-566-6101x90495,United States
Amanda Perez,9377 Whitehead Club Suite 192,Carlfurt,Rhode Island,14363,524.996.6359x43110,United States
Jason Duncan,8599 Sullivan Track,Bradymouth,Rhode Island,81738,(588)220-4196x35752,United States
Michelle Schmidt,916 Johnson Villages,Johnside,Hawaii,43607,+1-324-631-9814x6833,United States
Ryan Alexander,0045 Ellen Squares Suite 470,Wilkinsview,Louisiana,88366,9424408798,United States
Shawn Murphy,438 Smith Spurs Suite 444,Douglasbury,Missouri,62538,001-825-316-9684,United States
Alexander Walker,68637 Christine Rest Apt. 766,Port Jeremy,New Mexico,03139,5238824841,United States
Aaron Jacobs,1873 Jones Lights Apt. 736,West Rachel,Massachusetts,77315,229.774.6271x25726,United States
Mark Murphy,71354 Gutierrez Stream Apt. 465,East Lisa,Alabama,39055,955-269-2707,United States
David Schneider,20000 Salazar Views,Johnsonchester,Arkansas,16338,526.415.2400x399,United States
Sandra Lewis,5136 Sarah Fort Apt. 302,Port Juliebury,Nebraska,96056,+1-852-203-9312x7088,United States
Paige Nelson,131 Smith Haven Apt. 538,Jonesmouth,New Mexico,53856,445.383.3739,United States
Taylor Martin,5840 Jason Lake,North Kaitlynbury,North Carolina,93115,(860)793-3381x163,United States
Veronica Harding,24686 Lawrence Views Suite 447,Karatown,Alabama,65086,561-668-7247x3304,United States
Joseph James,95250 Mendez Points Suite 312,Payneberg,Michigan,43961,001-897-263-0437,United States
Rebecca Osborne,739 Williams Motorway Suite 339,Brandonburgh,Oregon,42330,001-740-993-8862,United States
Renee Ellis,9302 Odom Lodge,South Ruth,New York,83565,697-547-6520,United States
Vickie Smith,1234 Justin Plaza,Lake Tamaramouth,Louisiana,47201,608-908-9677,United States
Dennis Rodriguez,17957 Lawrence Motorway,Port Jenniferton,Florida,92037,(292)521-3554x9873,United States
Dr. Kristina Wells,2991 Morgan Prairie,East Brookemouth,Tennessee,85710,+1-742-684-9422x411,United States
Kathryn Moss,5666 Harris Highway Apt. 695,Acostaland,Kentucky,80910,001-424-814-3252,United States
Melvin Vega,3664 Chambers Crossing Apt. 989,Port Jacqueline,Louisiana,14382,217-853-1028x2012,United States
Kimberly Davidson,490 Rebecca Street,Martinezport,Louisiana,87549,(986)349-5175,United States
Sydney Rice,79151 Rowe View,South Juanfort,Delaware,50915,001-857-703-8045x96900,United States
David Johnson,3424 Eileen Rapid,West Kelly,Vermont,34158,2559360209,United States
Kyle Mcdaniel,96205 Pham Lights,Edwardsside,New Hampshire,44568,577.471.6198,United States
Ashley Munoz,0395 Stephanie Ways Apt. 294,West Brianna,California,37989,(227)517-4102,United States
John Hall,00734 James Stravenue,Brownville,Oklahoma,96039,4857669430,United States
Gloria Bennett,626 Leonard Plaza,South Robertfort,Arkansas,29542,(204)321-0261x531,United States
Susan Smith,9701 Julie Roads,Jonesborough,Louisiana,33712,437-278-5849x70747,United States
Alison Zimmerman,20014 Melvin Station,Andrewsport,Florida,64145,7076972179,United States
Dawn Richmond,2045 Nicholas Pine,West Christopher,California,53935,(265)522-2673x1494,United States
Donald Key,4549 Tom Vista,Jonestown,North Carolina,89574,615.626.9399x38955,United States
Sarah Jackson,2017 West Knolls,Doughertymouth,New York,51335,258-891-0578,United States
Frances Castillo MD,99332 Durham Falls,New Shirleychester,Alabama,62617,344-878-1380x9914,United States
Chelsea Hudson,52323 Barbara Squares Apt. 278,South Teresaberg,California,41905,(915)297-7178,United States
Nancy Rivera,21587 Patricia River Suite 862,Myersside,Vermont,91229,251-269-6639,United States
Eric Hernandez,48425 Duffy Summit Apt. 993,Riosview,New Hampshire,47258,897.545.1790x617,United States
Alicia Brown,0332 Scott Meadow,Mirandaburgh,Tennessee,55740,001-814-624-9541x0921,United States
Jacob Martinez,939 Ross Port Apt. 273,Lake Kristiside,Hawaii,73027,001-511-579-3464x5868,United States
Andrea White DDS,762 Timothy Meadows Suite 345,New Stephanieview,Wisconsin,10524,001-571-292-7754,United States
Rebecca Smith,2594 Earl Mountain Apt. 551,Bakerbury,Florida,25786,(396)671-7434x349,United States
Lisa Schwartz,6784 Erica Forge Suite 725,Andreaside,Iowa,69678,001-633-858-2323x342,United States
Alexander Ibarra,081 Rhonda Circles,New Johnnyfort,Vermont,72448,725-310-6862x651,United States
Mr. James Monroe,45023 Foster Village Suite 599,Rebeccaburgh,Pennsylvania,67494,+1-747-557-4341x8083,United States
Roger Parker,54281 Amber Lights,Johnstad,Utah,89304,001-781-596-9705x61308,United States
Rachel Skinner,3129 Pitts Light,Sonyafurt,West Virginia,41797,6323716908,United States
Heather Martinez,20989 Heather Isle Suite 083,Lake Barbara,North Carolina,72694,902.917.7172x42293,United States
Melanie Norman,371 Rivas Junction Suite 584,Matthewburgh,New York,07423,+1-827-585-1810x745,United States
Barbara Hurley,840 Erickson Grove Suite 353,Sotoburgh,Nevada,57839,681-657-2403x60059,United States
Cameron Lynch,3075 Campbell Glens,Martineztown,New York,52967,001-636-446-9130x25558,United States
Karen Martin,25644 Jeffrey Crossroad Apt. 486,Suarezborough,Arizona,42154,+1-368-445-7765x0112,United States
Michael Powell,058 Watson Vista Suite 703,West Michaelhaven,Oregon,01470,941-504-6683,United States
Jessica Page,27440 Barrett Dam Apt. 404,Stevenberg,New Mexico,11395,(678)732-0048x720,United States
Randall Butler,749 Campbell Street Apt. 126,Michaelburgh,Illinois,62702,(438)378-8788x828,United States
Danny Smith,90903 Preston Court,Port Sarah,Rhode Island,01424,287.333.5209x226,United States
Carol Hale,957 Lee Isle Suite 088,Alvarezmouth,Michigan,82404,(357)258-6539x18589,United States
Justin Henderson,8905 Cervantes Trail Suite 260,Port Morgan,Montana,85582,448-214-8048,United States
Gina Murphy,23114 Matthew Ports Suite 555,East Sharonburgh,Georgia,76907,(954)888-1115x65677,United States
Kristin Oliver,4283 Banks Terrace Apt. 775,East Rhonda,Oregon,20695,433.323.3111x217,United States
Eric Booth,1147 Young Valley,South Jane,Colorado,74815,594.304.5723,United States
Jasmine Hall,9833 Alison Park Suite 359,Thomasmouth,West Virginia,04551,(387)940-3342,United States
Lisa Hatfield,88014 Donovan Crossroad,Port Stephaniestad,Idaho,06394,001-482-889-2979x2566,United States
Michael Bryant,1003 Frost Mission Apt. 201,Morganfurt,Hawaii,06038,586.446.1676,United States
Christopher Short,950 Hernandez Mall Suite 750,North Joshuaton,Tennessee,67372,(500)807-5366x39551,United States
Gabriel Castro,7388 Mason Crescent,Port Seth,Missouri,03274,+1-555-741-3111x7795,United States
Thomas Mitchell DDS,84368 Charles Circles,Lukeside,New Jersey,87237,716-846-1550x3409,United States
Ashley Taylor,70379 Jon Green,Mileshaven,Virginia,87178,436-565-4430x442,United States
Melissa Powell,3196 Bentley Loop Suite 284,Michaelview,Arkansas,23954,245-708-9428x417,United States
Bryan Bright,526 Jeanne Corner,Port Gabrielleton,Oklahoma,51465,(503)604-4244x733,United States
David Hunter,72953 Haley Orchard,East William,Kansas,60000,8272238409,United States
Jennifer Fisher,53102 Ayers Falls Apt. 414,Seanmouth,Arkansas,14370,657.377.7004,United States
Matthew Osborne,023 Mark Centers,New Austin,Oregon,98477,274.562.6815x7671,United States
Brittany Shaw,0648 Anderson Drives,North Gregoryburgh,Rhode Island,44888,924.392.6521,United States
Erica Guerrero,95302 Connie Bridge Apt. 041,Sanchezport,Colorado,81412,(662)823-4265,United States
Maria Henry,89169 Rodriguez Ways Apt. 166,Lake Cynthia,North Dakota,38173,217-796-0445x7237,United States
Richard Villegas,1079 Lee Passage,East Danielmouth,Wyoming,40695,473-588-7267x30240,United States
Jason Perkins,5916 Susan Harbor,West Michaelstad,Idaho,12849,765-738-4985x71499,United States
Tracy Wilson,234 Donna Isle Suite 842,Gomezport,Arkansas,81552,(680)406-8297,United States
Nichole Watson,308 Karen Turnpike Suite 874,South Walter,Arizona,24818,+1-739-568-9724x7797,United States
Brittney Lyons,9107 May Rapids,East Heatherborough,Colorado,78493,001-429-330-8452x238,United States
James Bennett,48206 Michael Mission,North Davidport,California,03788,+1-219-749-3256x3027,United States
James Taylor,2649 Steele Villages Apt. 550,Davidton,Ohio,11961,+1-830-950-5079x12729,United States
Melissa King,9083 Johnson Haven,West Davidfurt,Tennessee,58019,(640)606-3219x956,United States
Amy Brown,355 Matthew Mill Suite 913,Williamshaven,South Dakota,93553,6547864476,United States
Joshua Guzman,179 Jamie Ferry Suite 731,South Joan,Kansas,40422,738.956.3059x20832,United States
Brian Daniel,63513 Jimenez Manors,New Michael,Indiana,07935,527.497.7893x049,United States
Teresa Vasquez,807 Haynes Village,Bryantburgh,New Jersey,34207,001-962-574-6132,United States
Eduardo Frazier,9856 Kimberly Stravenue,Port Jackhaven,Hawaii,55473,001-638-660-4460,United States
Lisa Bauer,8160 Reed Branch Apt. 940,Michaelview,North Carolina,09729,(834)871-6051x4344,United States
Brandi Page,320 Wood Trafficway,East Jonview,Virginia,65337,8147568942,United States
Christina Mclaughlin,93562 Krystal Locks Apt. 162,Watsonborough,Illinois,18364,442-760-7601,United States
Krista Archer,71607 Richard Key,Murphyberg,Oregon,40066,+1-829-656-1784x034,United States
Jeremy Tate,80851 Brown Isle,North Julia,Alabama,53414,964-308-5993x253,United States
Patrick Taylor,291 Brown Port Apt. 173,South Daniellemouth,California,22151,312-617-6719x80104,United States
Frank Robles,70832 Joshua Ford,Lake Robertfurt,Illinois,88538,8715965326,United States
Michael Johnson,773 Jennifer Trail,Whiteshire,Vermont,16077,+1-485-624-9891x5196,United States
Robert Gibson,68045 Mason Club Apt. 480,Scottside,Virginia,36709,850.351.8300x54280,United States
Noah Harris,78241 Patrick Brook Suite 383,West Ericport,Oregon,53721,815.483.2319,United States
Jonathan Manning,964 Dana Mountains,Wellsside,Wyoming,28798,(736)350-5104,United States
Mrs. Joy Jacobson,413 Lindsay Lakes,Lake Paul,Connecticut,18201,(680)456-9731x411,United States
Michael Adams,9872 Murray Brook Apt. 202,Garretthaven,Montana,06073,(807)383-9776x9752,United States
Steven Powell,728 Spencer Parkways,Davidhaven,Nebraska,09212,496-254-5457x8272,United States
Alex Morales,172 Courtney Freeway,Valerieport,South Dakota,97855,(999)613-6247x68807,United States
Jason Clayton,73399 Gregory Light Apt. 524,Port Andreastad,Maine,67516,+1-433-644-2453x22994,United States
Ronald Wilson,463 Vanessa Run,Murphymouth,Florida,81460,686-309-9930,United States
Kristine Cantu,97694 Michelle Cove,North Vincentport,Montana,07025,001-713-236-0002x530,United States
Timothy Martinez,484 Anderson Rapid,West Jane,Michigan,31594,561-929-7892,United States
Joseph Solis,362 Gregory Valley,Lake Angelaview,Tennessee,62258,001-656-430-7658x1971,United States
Mr. Robert Guzman,18298 Baxter Tunnel Apt. 693,Juanburgh,Oregon,04738,2647582317,United States
Donna Sanchez,5203 Scott Avenue,Patrickburgh,West Virginia,37274,001-314-900-6202x7384,United States
Mark Smith,00716 Brown Stream,Martinborough,New York,17141,673.858.7393,United States
Carrie Allen,020 Cassidy Plains Suite 108,Seanside,Alaska,20043,481.499.8015x588,United States
Larry Kim,75766 Sanchez Road,Brownbury,Wyoming,30164,001-817-456-9039x6025,United States
James Vazquez,90381 Larry Park,Port Micheleport,Nevada,13655,+1-304-941-7725x6714,United States
Joseph Gordon,00684 Blake Loop,Lake Leslie,Pennsylvania,29473,590.982.3893x840,United States
David Barrera,327 Pham Flats,North Kimberly,Oklahoma,52679,(236)546-1222x90883,United States
Michael Davis,0400 Morris Wells Apt. 184,East Stephen,Delaware,56634,981.748.6544x268,United States
Anthony Hall,317 James Ports,New Rachel,Maine,88262,(288)588-5272x55871,United States
Glenda Logan,24384 Perry Brooks,North Raymondchester,Michigan,84703,(312)492-8796x6011,United States
Terry Morris,2026 Clark Branch Apt. 699,Perezville,New Hampshire,02401,(990)221-9558x017,United States
Jeffrey Maxwell,0842 Smith Mill Suite 761,Cruzmouth,Vermont,24036,503.315.9793x883,United States
David Hill,012 Micheal Spurs,Port Dylanstad,Tennessee,79434,234.528.1942,United States
Emily Young PhD,45296 Michelle Via Apt. 804,North Drew,Florida,15785,(926)786-4013,United States
Donna Robinson,5442 Nelson Haven Suite 043,Bradleyville,North Dakota,85219,7864414096,United States
Janet Boyd,344 Guzman Shoals Suite 510,Prestonmouth,Kentucky,29182,001-984-893-2896x784,United States
John Torres,114 Katherine Court Suite 291,Lisaburgh,Kansas,31093,+1-293-600-2035,United States
Seth Johnson,53327 Anderson Fort Apt. 203,Brownberg,West Virginia,60216,882.928.0181x00643,United States
Tony Allen,071 Francisco Harbor Apt. 334,Haasshire,Texas,55201,001-358-545-3480,United States
Jeffrey Jones,0859 Michael Estate Suite 963,Port Brad,Indiana,52976,516.928.5824x0206,United States
Christine Willis,47974 Fields Squares,Port Thomas,Missouri,53300,(874)918-9504x2702,United States
Misty Guzman,50413 Madison Roads,Stewartport,California,90004,+1-300-936-5074x3206,United States
Brittany Tanner,09579 Pham Lakes Apt. 384,East Kathy,New Mexico,05651,+1-629-517-0509x92786,United States
Brittney Mckinney,693 Kelly Extension Apt. 085,West Kevin,Alabama,41159,001-512-335-4472x64535,United States
Stephen Montoya,36137 Cooper Cove,Rogersview,Texas,56797,4069177659,United States
Brittany Payne,028 Coleman Mill Apt. 507,Port Paulhaven,California,06203,536-736-1674x5730,United States
Jill Morris,429 Charles Estates,Taylorview,Maine,54627,+1-494-313-5360x5659,United States
Leah Gutierrez,6765 Dean Springs,Brandonmouth,Georgia,76535,7306239190,United States
Mr. Jeffrey Chapman MD,3723 White Mission,Royside,Wisconsin,15665,+1-480-448-9921x33318,United States
Michael Winters DDS,5317 Lauren Ville Apt. 074,West Stacey,Michigan,77521,001-291-291-3992x58362,United States
Teresa Palmer,72155 Gonzales Alley,Wolfeland,Wyoming,69608,001-206-280-5564x079,United States
Amanda Johnson,37449 Timothy Loaf,Port Glen,Kentucky,19629,(623)513-0074x069,United States
Ryan Benitez,6982 James Prairie Suite 349,Ramseybury,Florida,02339,(509)455-6220,United States
Bruce Avila,481 Vanessa Mountain,Lake Bonnie,California,53989,796-212-2211x5325,United States
Joseph Jones,2453 Brooks Street Apt. 556,Lake Rodney,Indiana,50879,354.715.3995x337,United States
Stephen Hickman,98445 Mcguire Extensions,Cookfurt,Florida,49866,296.720.9515x270,United States
Dana Walton,77661 Cervantes Shoals Apt. 507,Jefferymouth,Rhode Island,74138,238.525.9857,United States
Robert Harvey,30741 Delgado Track,Sherryhaven,West Virginia,05180,(558)655-9117x727,United States
Teresa Hughes,4563 Bobby Locks Apt. 999,New Jeffrey,Utah,50687,(909)550-9834x380,United States
Desiree Sullivan,675 Gonzalez Rue,Andreafurt,Missouri,75091,(314)521-2732x9894,United States
Cheryl Cannon,1155 Claudia Wall Suite 732,South Calebborough,Kansas,16631,552.641.9821x421,United States
Sharon Love,957 Cathy Crescent Suite 287,Amandatown,Iowa,14126,+1-813-710-7834x95138,United States
Dr. Jaime Williams,15536 Morales Curve Suite 505,West Joshuaton,New York,44089,725-272-4185,United States
James Stevens,368 Mary Rapid,East Martin,Oklahoma,28285,+1-543-671-0467x105,United States
Andrea Weaver,5460 Wendy Crescent,Port Heather,North Carolina,10892,+1-516-639-4817,United States
Jim Webb,3798 Gallagher Cove Apt. 937,East Kelsey,Pennsylvania,93144,339.350.3449,United States
Karen Robles,164 Brooks Unions,Port Melissaberg,Ohio,61535,208.637.9442x8254,United States
Christopher Schmitt,21236 Adams Radial,Port Mikeburgh,Maine,80450,800.210.6475,United States
Jessica Abbott,6480 Perry Skyway,South Jasonchester,Wisconsin,45171,470.440.8705x05472,United States
Madison Medina,7495 Madison Field Suite 234,Bartonhaven,Alabama,89974,235-461-1921,United States
Linda Newman,2861 Dan Crescent Suite 968,Lake Oscarmouth,Colorado,59633,469.647.5678x360,United States
Amy Graham,69966 Simpson Lock Suite 580,Eugeneland,Tennessee,76281,+1-225-655-3385x141,United States
Deborah Castillo,5408 Williams Ville Suite 605,Lake Karen,Vermont,21870,9035403953,United States
Jeffrey Price,999 Jennings Drives Suite 873,Lake James,Idaho,86516,001-742-515-8040x88379,United States
Christina Koch,625 Christopher Mews Apt. 302,Lake Kristopherton,New Hampshire,15809,001-901-642-3786,United States
Pamela Walls DVM,82177 Kevin Garden Apt. 467,West Danielland,Illinois,58541,681.459.3156x5157,United States
John Jones,900 Kevin Turnpike,East Carrieburgh,Ohio,94106,775-387-9157,United States
Hunter Contreras,700 Yolanda Tunnel,Morrishaven,Kentucky,88780,663-762-6942x9413,United States
Dr. Lee Holland MD,205 Sean Prairie Apt. 179,Chambersfurt,Maryland,12325,206-621-9253,United States
Cheryl Davies,66062 Harris Drives Suite 402,New Nicole,South Dakota,50265,001-689-355-0592x1111,United States
Bonnie Cannon,11366 Anthony Forge Suite 443,Fryeshire,Kentucky,43683,472.321.7341,United States
Ralph Kim DDS,76132 Michael Spurs Apt. 782,Port Jenniferport,Minnesota,91748,+1-621-598-9347,United States
Patricia Rodriguez,34845 Erica Mount Apt. 783,Chavezstad,Wyoming,75663,+1-612-473-3780x2045,United States
Katherine Alexander,85102 Henderson Fields Apt. 718,Larrymouth,Alabama,01228,323-646-0210,United States
Samantha Parsons,84044 Brown Route,Burkehaven,Arkansas,59049,(761)905-5776,United States
Travis Lewis,24879 Nicholas Dale,West Christinaberg,Minnesota,46669,+1-456-913-6712,United States
Tara Pitts,11257 Collins Ferry,Gordonfort,Virginia,14744,001-639-593-3970,United States
Michael Hunter,5760 Maria Streets,New Adrian,Michigan,71636,+1-911-873-8793x433,United States
Christine Brown,3971 Miller Estates Apt. 101,Lake Katelyn,Texas,85438,8385586726,United States
Lisa Johnson,38503 Price Freeway Apt. 483,Westberg,West Virginia,24260,(227)726-2500x5257,United States
Jordan Lowery,747 Frank Lights Apt. 289,West Alyssachester,Rhode Island,64777,3532093227,United States
Mr. Rick Johnson II,81568 Stevens Trace Apt. 606,West Tara,North Dakota,33684,+1-345-625-7806x777,United States
Deborah Floyd,452 Perez Mountains,Cynthiaville,Washington,47977,327.542.8294x5905,United States
Robert Clark,603 Dylan Via Apt. 299,South Matthewtown,Vermont,70815,001-220-543-2487x66829,United States
Danielle Hicks,47591 Loretta Prairie,Sandovalfort,Massachusetts,46074,001-572-654-0749x75262,United States
Pamela Nelson,1076 Burke Viaduct Suite 480,West Kevinview,Utah,82105,947-678-1343x05118,United States
Jonathan Oconnor,65279 Vargas Row Apt. 450,West Bryanchester,Texas,95251,381-801-6864x7944,United States
Margaret Barrett,208 Don Gardens Suite 136,Port Jeffreyton,Michigan,26157,330-661-3611,United States
Julie Lee,861 Brandon Parkways,West Maryside,Vermont,11557,001-623-740-0590,United States
Trevor Cooper,859 Mark Walks Suite 071,Benjaminchester,Montana,13289,+1-476-521-5099x9515,United States
Warren Lopez,61266 Michelle Islands Suite 419,Lake Hollyview,Massachusetts,01570,3453970809,United States
Jason Ortiz,64174 Pham Crossroad Suite 416,Ericmouth,Nevada,74054,(846)409-7767,United States
Kenneth Miller,57262 Sanchez Mount,Averyport,Iowa,65955,(730)603-0922,United States
Matthew Scott,4062 Heather Lake,New Michelle,Minnesota,28469,001-512-520-3895x3175,United States
Timothy Morgan,0784 Andrea Mills,Maybury,Alabama,97626,238-834-2995,United States
Christopher Arnold,31878 Coffey Fields,Lake Juan,Arizona,72875,+1-838-822-7793x9364,United States
Krystal Boyle,005 Dana River,Coopermouth,Maryland,64986,001-255-919-5542x08996,United States
Stephanie Lara,51952 Jason Coves Apt. 258,Taylorborough,Rhode Island,76951,+1-832-813-3718x28683,United States
Bryan Gutierrez DVM,006 Amanda Coves Apt. 747,Crawfordstad,Oregon,96591,8583575767,United States
Devin Tucker,8057 Flynn Creek,North Kyleview,Pennsylvania,92273,001-568-997-1225x337,United States
Austin Baker,119 Mendez Tunnel Suite 730,Theresaville,Nebraska,83905,(945)226-4264x15558,United States
Samuel Leach,055 Erik Terrace,Juliemouth,North Carolina,92980,+1-508-584-5132x09439,United States
Connor Roberts,2561 Scott Plain,Stevenfurt,Delaware,62404,001-894-542-8567x364,United States
Kristina Rogers,6779 Lopez Loaf Suite 135,Josephville,Massachusetts,10856,497.748.8887x31159,United States
Tamara Thompson,873 Steven Forks,Gillespieshire,Maine,44175,574.235.8380x24687,United States
Christopher Lee,0085 Teresa Causeway Suite 385,Joshuaside,Pennsylvania,03825,001-526-549-2412x2566,United States
Michele Wilson,232 Pierce Ports Suite 910,Lake Amyhaven,Arkansas,16378,001-603-491-3106x4955,United States
Tammy Howell,04349 Baldwin Locks,Carrieberg,Michigan,96505,(454)722-1507x19429,United States
Curtis Clements,4060 David Throughway,New Kaylafort,Florida,46070,(345)868-5837,United States
Joseph Elliott,773 Cobb Village Apt. 507,Port Codychester,New York,62985,001-379-628-2056x195,United States
Mary Best,354 Parks Divide,West Terry,Hawaii,82912,583-456-2227x522,United States
Bonnie Moore,3514 Miller Hills Apt. 602,East Charlesberg,Michigan,08140,496.911.9727x841,United States
Jose Stewart,971 Edwards Alley Suite 692,Austinview,North Dakota,44441,(732)708-8256x7365,United States
Lori Garcia,09541 Barker Wall Apt. 732,Simpsonside,West Virginia,89308,203-460-7899x15343,United States
Bryan Frazier,45190 Allen Harbors Suite 471,Ramosfurt,Indiana,79209,+1-585-281-6017x8606,United States
Marcus Beard Jr.,6972 Kimberly Land,West Loganport,Hawaii,64671,(234)823-1864,United States
Stephanie Jimenez,08520 John Lights Suite 581,Lake Thomas,Hawaii,34334,(348)851-9769,United States
Robert Martinez,33916 James Mission Apt. 771,Sweeneyville,Michigan,33642,540.968.5233x338,United States
Amanda Clarke,969 Edwin Freeway,Tuckerland,Alabama,85967,392.757.7390x04647,United States
Tina Brown,563 Nathan Viaduct Suite 311,Roytown,Florida,19748,(408)769-9656,United States
Denise Taylor,14247 Hernandez Overpass,Devinport,South Dakota,77957,3643356760,United States
Cathy Johnson DDS,502 Patricia Rapid Apt. 379,Lake Cherylland,Alabama,03024,001-402-962-4636x625,United States
Emily Watkins,502 Robert Stravenue,West Belindastad,Tennessee,18472,001-723-291-1986x6616,United States
Melinda Sanchez,0797 Michelle Points Apt. 503,South Hannahfort,Arkansas,95753,9126822953,United States
Destiny Barnett,71884 Emily Ville Suite 465,East James,Alabama,70770,001-762-436-2576x818,United States
Latasha Gonzalez,841 Hodges Pike,New Dawnbury,Wisconsin,78560,+1-786-486-4573x324,United States
Tony Rios,3470 Thompson Wall,Galvanport,Pennsylvania,03807,344-266-8852x94265,United States
Jillian Buck,93264 Norton Summit Apt. 543,North Erika,Mississippi,95606,(759)591-0294x64404,United States
Sarah Harris,883 Heidi Loaf Apt. 205,New Timothyburgh,New Mexico,70750,+1-426-636-6526,United States
Sonya Castillo,39279 Anna Flat,Port Karen,Indiana,09448,(714)614-9725,United States
Mark King,9200 Laura Roads Apt. 359,Nathanmouth,Utah,01089,+1-588-665-9594,United States
Matthew Schmidt,540 Tara Causeway Suite 411,Angelaberg,Idaho,38362,+1-794-277-7304,United States
Jill Wright,104 Hill Groves,Wiseside,Ohio,99806,+1-559-849-1975x37171,United States
Mark Lane,4644 Porter Plaza,Tiffanyport,Iowa,24829,319.800.1189,United States
Daniel Freeman,5281 Hernandez Points,North Jameshaven,New Mexico,07672,6574097065,United States
Brittany Parsons DDS,374 Amber Corner,Heatherborough,Maryland,17093,(525)409-0189,United States
Vanessa Mason,874 Lori Mountain Suite 041,West Andreaville,Minnesota,77155,654-335-8087,United States
Margaret Baxter,170 Brandon Points Apt. 604,Lake Bryanview,Pennsylvania,41358,635-778-0391x89989,United States
Jason Cooper,214 Paul Haven,Port Daniel,Tennessee,71990,001-851-257-2463x260,United States
Crystal Lopez,814 Lauren Ridges Apt. 726,Trantown,Oklahoma,71276,001-392-364-8508x1334,United States
Robert Montgomery,33420 Wilson Skyway Suite 759,West Gary,Kansas,79376,9658797792,United States
Amy Moyer,60924 Brown Meadows Apt. 014,Mendozaside,Indiana,37823,357.903.0287,United States
Frederick Reid,0069 Brianna Fields,Lake Jason,South Dakota,74551,772.365.7153,United States
Cynthia Garcia,026 Scott Highway Apt. 158,Joelville,Tennessee,95607,242.573.9650x604,United States
Andrea Terrell,6973 Sanders Estates,Lake Bethtown,North Dakota,71207,664-694-7672,United States
James Lewis,2994 Eric Glens Suite 175,Port Pamela,Maryland,64821,(289)878-6475,United States
Patrick Martinez,533 Denise Centers Suite 738,Brendaborough,Maryland,01797,(832)744-6798,United States
Austin Fleming,7148 Shannon Dam Suite 569,New Mark,Iowa,10648,001-318-482-4680x68049,United States
Walter Page,78220 Rios Ville,New Joshuaville,Oregon,56042,3134551763,United States
Spencer Serrano,29658 Norma Station Apt. 331,Josephhaven,Missouri,54631,874.481.9866,United States
Jeffery Krause,13058 Katelyn Oval,North Anthony,Alaska,09465,(687)270-2884,United States
Jordan Johnson,34492 Veronica Point Suite 474,Beanchester,Alaska,12440,509-818-6740x4488,United States
Gary Lindsey,78216 Allen Shoal Suite 944,Duncanchester,Montana,69254,558-869-3035x9117,United States
Kelly Gonzales,050 Andrew Cape,New Marie,Indiana,82248,001-275-962-7863,United States
Stephen Martinez,855 Melton Ville,Donaldsonview,Missouri,16404,001-583-799-6508x70286,United States
Valerie Smith,0675 Julie Canyon Apt. 102,Port Debbie,Arkansas,08147,492.335.8172x3037,United States
Brian Watson,015 Matthew Court,Port Debraberg,Florida,14894,316-827-6372x2682,United States
John Sloan,38717 Joseph Spur,North Juliemouth,Illinois,78730,5965873167,United States
Daniel Payne,433 Cruz Estates Apt. 324,New Megan,Maryland,17271,3165267036,United States
Blake Gonzalez,87669 Ashley Mount Apt. 323,Singletonberg,Illinois,50401,430-346-4367x85913,United States
Joel Walsh,997 Rivera Green,Morrisonshire,Hawaii,12380,(514)392-4200,United States
Carol Jackson,28789 Carl Landing,South Karenstad,Minnesota,75529,729-974-8645x08914,United States
James Park,910 Harris Row Suite 301,Joannaside,South Carolina,17858,001-302-933-7741x29037,United States
Jonathan Harris,28852 Steven Knolls,Jeffberg,North Carolina,76688,(651)634-3508x67378,United States
Taylor Ryan,37646 Santos Divide,New Sarahside,North Carolina,04659,613-237-9512x17246,United States
Melissa Gardner,4129 Justin Springs,Port Kaitlynburgh,Vermont,27556,798-945-5965,United States
Christopher Martin,35586 Graves Pike Apt. 654,South Williamfort,Maine,94456,253.411.2702x3014,United States
Cynthia Burns,220 Amanda Point,Harperburgh,Oregon,94864,(306)750-3788,United States
David Schneider,88090 Kenneth Throughway Suite 933,New Chad,Iowa,18130,+1-426-213-0941,United States
Tina Lee,11321 Erica Shoals,New Williamtown,Louisiana,37302,+1-829-308-9486x06958,United States
Laura Gill,36128 Jones Station Suite 860,Port Samuelland,Vermont,08966,001-912-300-3316x0017,United States
David Webb,78536 Kevin Freeway,Brownbury,Utah,79570,743.915.8541x051,United States
Brittany Sanchez,1387 Owens Lights,Port Samuelmouth,New Hampshire,03241,(326)333-2901x47751,United States
Calvin Anderson,09668 Kenneth Ways,Porterton,Rhode Island,20967,(796)772-6197,United States
Christopher Chen,619 Randy Park Suite 209,West Ashley,Oklahoma,75341,643.349.6829x4004,United States
Karen Thomas,93607 Zachary Ferry Suite 239,Thomasmouth,South Carolina,14242,+1-411-355-8946x680,United States
Kimberly Bailey,7653 Tamara Summit Apt. 156,New Amyton,Ohio,09373,(801)785-8239x50870,United States
Marc Allen,311 Peter Circle Apt. 434,Deniseville,Idaho,83481,406.798.8139x994,United States
Kelly Garcia,586 Charles Lakes,Lake Christopherborough,Colorado,03061,924-485-3589x43159,United States
David Holden,99862 Greene Road Suite 612,Lake David,Massachusetts,74676,968-931-6396x603,United States
Oscar Smith,922 Cook Rest Apt. 926,Tammybury,Indiana,19526,001-601-670-2640,United States
Nancy Williams,178 Young Light,Davidview,Alabama,86631,+1-359-928-9806x33932,United States
Victor Adams,827 Emily Radial,Mariahaven,North Dakota,20448,563.831.0900x3587,United States
Thomas Munoz,30428 Andrea Station Apt. 391,Lake Matthew,Arkansas,25817,420-471-8851x985,United States
Michelle Montgomery,0274 Navarro Heights Apt. 058,North Allisonstad,Pennsylvania,90708,5332947201,United States
Donald Young,381 Cassandra Circles Suite 871,North Ashleyborough,Virginia,20582,(601)939-5958,United States
Jon Villanueva,5299 Jill Viaduct Apt. 072,Port Amyside,Colorado,18373,+1-645-436-8134x642,United States
Aaron Harrison,810 Marshall Lodge,Lake Monica,Minnesota,49915,246.206.0011,United States
Cynthia Rosales,51877 Alvarez Radial Suite 069,Lake Williemouth,Maine,46974,664.862.5049x50086,United States
Bryan Roth,40500 Kramer Place Suite 121,Calderontown,Nevada,60575,(371)833-2533x999,United States
Roger Alexander,8284 Jarvis Mount,Bobbyside,Alaska,77402,378-483-1559x8935,United States
Erica Young DVM,203 Carter Cliff Apt. 554,Ginafort,Delaware,24022,880-589-0008x45261,United States
Kerry Rivas,45897 Dominguez Heights Suite 903,Rodgersmouth,Iowa,00552,904-762-9241x10334,United States
William Turner,45567 Hinton Ports Suite 753,Port Charles,Maryland,94476,595-919-4676,United States
Diane Ramirez,9406 Byrd Glens Apt. 020,West Tiffanyton,New Hampshire,72824,753-444-8019x008,United States
Lisa Walsh,330 Kara Skyway,North Emilyview,Montana,08180,791-295-7429,United States
Matthew Gonzalez,504 Gonzalez Hollow Apt. 748,Albertton,Idaho,20995,+1-650-219-0049x1758,United States
Bonnie Norton,2108 Amber Lodge Apt. 883,West Steventown,Indiana,29167,+1-771-863-0076x897,United States
Robert Parker,16307 Adrian Branch,Johnsonmouth,Delaware,68707,460.729.3571x8167,United States
Sara Hill,08364 Carla Creek Suite 078,Hortonstad,Wisconsin,64002,3005729668,United States
Brenda Adams,326 Drake Islands,Robertmouth,Washington,23893,+1-336-206-5371x53586,United States
Chad Williams,89264 Oconnor Stream,Jacobhaven,Oregon,12846,2863153242,United States
Teresa Taylor,82075 Cassandra Pines,Lisabury,Maine,28394,+1-421-723-9575,United States
Hannah Jordan,889 William Summit,Mccoymouth,New Mexico,94057,001-914-344-8156x60549,United States
Katie Warner,34436 Smith Extensions Apt. 292,New Ashley,Minnesota,01657,714.297.8368x99168,United States
Ashley Gonzalez,9061 Thomas Rest Suite 427,North Rebeccaton,Iowa,89703,625-215-1425,United States
Joseph West,164 Danielle Tunnel,Alexanderbury,Virginia,71199,(833)747-4783,United States
James Love,8066 Matthew River Apt. 190,North Susanmouth,New York,41106,001-358-789-5029x42268,United States
Kristina Fuentes,949 Harvey Way,West Karen,Alaska,59735,+1-564-832-7925,United States
Stacey Miller,6627 Garcia Stream,Jessehaven,Texas,09511,001-859-237-1384x562,United States
Paul Rivera,16730 Barbara Via Apt. 273,New Matthew,California,47725,373-720-2510,United States
Ryan Marshall,8171 Cruz Station Apt. 452,Westport,Vermont,53694,(706)323-7588,United States
Diane Harris,61437 Perry Mountains,Nancytown,Wisconsin,48651,+1-799-710-6126x9427,United States
Elizabeth Fitzgerald,157 Larson View Apt. 440,East Adam,Wyoming,02434,(334)225-4499x7441,United States
Christopher Olson,77570 Daniel Freeway Apt. 175,Holmeshaven,Texas,47169,6183297649,United States
Evan Castro,3512 Campbell Oval Apt. 287,Thomasland,Vermont,66112,001-546-463-7768x8491,United States
Pamela Wilson,4641 Randall Overpass Suite 599,Loganborough,New Hampshire,90029,560.482.3048,United States
Richard Hays,524 Kimberly Key Suite 441,Carlton,Massachusetts,83428,957-424-2801,United States
Scott Banks,4590 Craig Hollow Apt. 201,South Deborah,Minnesota,58416,273-555-2910x365,United States
Mary Fitzpatrick,0199 William Overpass,South Jennifer,West Virginia,07971,954.488.5348,United States
Andrew Cohen,8888 Lutz Station Suite 082,New Kelly,Kentucky,31759,399.491.1015x73522,United States
Richard Hopkins,6979 Kimberly Mountains,New Curtis,Kentucky,43711,(338)537-9421x0561,United States
Linda Barron,68020 John Club,Leeville,Montana,90837,001-362-706-7178x14840,United States
Joseph Griffin,116 Silva Ridges Apt. 255,Nataliestad,Kansas,01394,(472)979-5637x618,United States
Anna Avery,851 Campbell Stravenue,Eatonland,Utah,26318,554.240.2038x48324,United States
Sandra Carpenter,529 Mckenzie Fork Apt. 543,East Stevenborough,Oklahoma,53961,+1-542-918-0622,United States
Mark Reed,0853 Jackson Canyon Suite 999,North Davidville,Massachusetts,33170,899-442-3299x184,United States
Robert Jones,3595 Peters Grove,South Robertberg,Maryland,68990,001-274-569-7007,United States
Kenneth George,65192 Chelsea Plains Suite 622,Hilltown,Ohio,68071,+1-441-657-7872x78719,United States
Terri Lopez,106 Todd Islands Apt. 061,Lake Marie,South Dakota,20618,001-427-684-3158x56703,United States
Richard Acosta,0664 Thomas Underpass Apt. 689,Hernandezstad,Arizona,16485,247-451-2876,United States
Andrew Parks,9891 Palmer Summit,South Kyleshire,Vermont,39722,612-349-2937,United States
Cheryl Newman,803 James Dam,Davidsonbury,Michigan,97185,(238)529-8953,United States
Carol Henry,805 Stephanie Parkways,North Kristenport,Indiana,65060,204-736-0117x80061,United States
Jeffrey Hess,768 Brown Terrace Suite 040,Pageland,Washington,54924,001-259-366-6342x81397,United States
John Forbes,336 Linda Light Apt. 236,Joneston,Georgia,67718,+1-834-988-2984x0658,United States
Jennifer Bartlett,444 Molly Plain,Lake Edwardville,Colorado,88620,+1-685-980-7260x2904,United States
Brenda Dickson,2737 Gregory Corners,Madisonton,Nebraska,91345,410.768.4136x025,United States
Joseph Reynolds,5359 Kathleen Inlet Suite 890,North Patricia,Washington,30518,(386)853-7395x631,United States
Nicole Bates,802 Alexander Fords Apt. 206,West Sierrastad,Michigan,46209,001-229-670-1919x1756,United States
Walter Howell,619 Johnson Spurs,West Michael,Pennsylvania,71992,658-282-1187x7366,United States
Luis Yang,66475 Miller Lakes Suite 316,Williamhaven,Texas,95356,816-972-5865x894,United States
Katrina Gregory,125 Bright Dale Suite 625,North Kyle,Colorado,24196,535-672-9692,United States
Stacy Harris,259 Jason Common Suite 550,Boydburgh,New Jersey,20999,530.878.4053x036,United States
Ashley Villegas,450 King Pike Apt. 642,South Garyberg,Pennsylvania,78703,836.818.2175x1327,United States
Jessica Carlson,35701 Hill Pines Suite 202,North Shannon,West Virginia,79431,566.953.6852x34534,United States
Barbara Hernandez,0728 Charles Camp,South Melanietown,Indiana,79687,(614)925-9797x21489,United States
Andrew Tucker,2811 Sandra Plains,Lawrenceview,Utah,25282,4415112965,United States
Thomas Rivera,862 Williams Divide,Port Amberview,Nevada,61692,+1-753-363-2561x169,United States
Kelly Coleman,03176 Martin Row,Gonzalezfort,Idaho,93634,+1-986-205-6337x63574,United States
Evan Stephens,33263 Corey Route,South Frankside,Kentucky,92038,768-543-4938,United States
Carol Russell,6756 David Trail,Moorefurt,Alaska,77941,(555)570-1135,United States
Thomas Walker,0152 Kristin Mews Apt. 572,Kimberlyside,Michigan,50376,4854332408,United States
Lawrence Anderson,568 Patel Rue,New Gordonfurt,Massachusetts,63281,(807)506-1215x594,United States
Robin Martin,01531 Nguyen Plains Suite 994,Stewartside,Florida,60207,719-775-2083x2054,United States
Stephanie Dillon,0219 Jessica Skyway,Kathymouth,Louisiana,98405,456.878.7872,United States
Richard Martin,467 Julie Plain Apt. 818,Williamsburgh,Oregon,11034,(511)850-5039,United States
Heather Garcia,074 Michelle Fort Suite 318,Travisshire,Montana,37407,364-503-4460,United States
Katherine Austin,18355 Jackson Mill Suite 632,Kristinaland,Missouri,54839,252-494-7183,United States
Dr. Amy Jenkins,48335 Klein Crossroad,South Terryfurt,Vermont,87363,731.276.0410,United States
Linda Nguyen,769 Leach Greens Suite 996,Martinchester,Massachusetts,57849,657.275.0212x908,United States
Gina Johnson,89195 Murray Haven,New Kimberly,South Dakota,36320,595.668.2180,United States
Justin Guzman,72445 Christopher Brook,Calebfort,Maine,71162,906.917.3602,United States
Jeffrey Clark,204 Jackson Springs Apt. 134,Lopezborough,Washington,65325,001-467-970-3385x0783,United States
Randy Nicholson,287 Victor Tunnel Apt. 232,Port Timothyland,Texas,21761,001-494-539-9409x325,United States
Mary Salas,82220 Watkins Lock Apt. 785,Christopherfurt,Vermont,51862,756.774.8942x7916,United States
Timothy Khan,456 Juarez Tunnel Suite 001,North David,Idaho,01362,+1-588-661-1322x5442,United States
Derek Reyes,92893 Macdonald Turnpike,Cruzstad,South Dakota,05890,+1-710-272-5841x34373,United States
Mary Hamilton,56098 Hawkins Ranch,New Timothyhaven,Nebraska,18207,740-520-9547,United States
Luke Pena,76401 Doyle Crescent Suite 481,Lake Debrahaven,Colorado,89834,001-916-270-5838x5054,United States
Meagan Barnes,6403 Brandy Rue,Lake Paulhaven,Tennessee,33885,(572)701-0013x134,United States
Matthew Mendoza,50639 Carmen Turnpike,Parrishside,Alabama,55537,(300)310-4376,United States
Summer Martin,5695 Brown Courts Suite 094,East Gregoryburgh,Kansas,87361,345.719.4143x46190,United States
Kendra Gill,1126 Perez Parks,Lake Carrie,New York,45863,(498)645-1986x649,United States
Michael Mann,8158 Joshua Ville Apt. 467,Stoneville,Montana,47036,+1-861-575-9581x302,United States
Jonathan Gregory,557 Tammy Ramp Suite 178,Duranland,Iowa,46933,538-784-0701x881,United States
Ryan White,835 Walker Fields Apt. 069,Maloneview,Hawaii,05787,580.215.8232x95231,United States
Melissa Perez MD,064 Mason Fort Suite 481,Washingtonfurt,Arkansas,42463,001-661-898-7940x46970,United States
Lisa Green,072 Lane Meadows Apt. 863,Sarahtown,New Jersey,36264,001-845-916-0824,United States
Christian Bowman,6747 Snyder Stravenue Apt. 622,North Karenfort,Connecticut,41720,001-538-684-9930x0559,United States
Candice Rogers,1288 Ashlee Ports Apt. 962,Lisafort,West Virginia,19084,696-401-8272x500,United States
Kevin Yates,91337 Vicki Lodge,Shermanhaven,Iowa,70267,+1-232-945-8347x65513,United States
Jody Scott,427 Garcia Court,West Breannaside,New York,36174,388.736.0479x673,United States
Robert Howell,71696 Rachael River Suite 512,Douglashaven,Connecticut,91128,001-478-341-7026x389,United States
Travis Boyd,32406 Stephanie Curve,Ramireztown,California,62703,958-681-9313x4457,United States
Nathan Roberts,980 Lambert Rest Suite 730,Port Glennfurt,Hawaii,81193,955-419-4524,United States
Tina Shea,2795 Allison Plaza,Crystalview,California,24346,001-526-633-8526x673,United States
Pamela Key,24615 Gina Passage Apt. 645,South David,Oregon,37180,001-417-360-8076x737,United States
Cathy Walker,33474 John Shores,Jamesport,West Virginia,61717,001-581-346-1664x2902,United States
Jeffrey Sherman,26527 Brock Extensions,Melissafort,Montana,51339,001-787-233-9013x61008,United States
Jacqueline Ellis,62982 Lisa Row Apt. 383,Sarahville,Michigan,26306,8972442893,United States
Meredith Simpson,8300 Maureen Prairie,Lake Steven,Delaware,47047,(320)708-4059x77604,United States
Kyle Valencia,3911 Troy Way,Adammouth,Louisiana,01881,676.997.6456x9472,United States
James Harris,2513 Michael Circles Apt. 220,Jasontown,Nevada,64479,+1-860-433-8692x266,United States
Darlene Owens,45351 Patrick Via,Bartonfurt,Mississippi,42018,554.805.6098x507,United States
Mark Barrett,71806 Gary Heights Apt. 310,Morrisfort,Nevada,77755,422.985.8227x772,United States
Kathy Brown,473 Peter Loop Suite 357,Gonzalezchester,Delaware,93121,896.310.1335x60017,United States
Steven Davis,338 Ashley Burgs,Wilsontown,Tennessee,27359,001-251-217-9754x34353,United States
Stacy Nguyen,09897 Angela Landing Suite 089,Lake David,Utah,95031,(244)231-7841,United States
Anthony Ellis,9263 Daniels Rest,West Joshua,Montana,20696,(259)703-1830,United States
Melissa Jimenez,068 Spencer Common,Christinachester,Florida,22729,722.598.0036,United States
James Mason,327 Rosales Islands,Jacobmouth,Virginia,64126,404.678.1281x8973,United States
Wesley Lyons,7505 Cook Point Apt. 895,Joshuaville,Montana,52690,8884909953,United States
Beverly Reed,73374 Julie Crescent,Joseton,Connecticut,45218,001-929-863-9542x365,United States
Mckenzie Jenkins,1685 Smith Meadows Apt. 600,East Tiffany,Rhode Island,76359,+1-522-385-5537x17393,United States
Megan Foster,57801 Buchanan Pine Suite 348,Mooremouth,Utah,32382,321.818.4408,United States
Vanessa Clark,26712 Gary Lakes Apt. 375,Nathanfort,Missouri,23859,812.416.9489x81306,United States
Lori Lopez,345 Jacobs Corners,Arnoldfurt,Alaska,71513,682.693.0504x14187,United States
Emily Lutz,558 John View,East Linda,New Hampshire,30630,314.592.1412x787,United States
Emily Norris,0110 Lisa Land,Port Noah,Pennsylvania,82315,(298)996-4673x52458,United States
Steven Curry,40697 Shannon Manors,East Donna,Pennsylvania,29531,295-473-6408x70486,United States
Linda Brown,77335 Charles Rest,West Michael,Oklahoma,07839,750-670-7761x1703,United States
Robert Mcgee,47249 Mcdaniel Forges,Robertsonmouth,Montana,77172,2936446459,United States
Dorothy Gilmore,39052 Jonathan Extensions,Sarahton,Montana,39347,203.598.4860,United States
Samantha Austin,962 Daniel Locks,Port Christine,Connecticut,14077,001-488-928-6511x43180,United States
Natalie Greer,00933 Maldonado Expressway Suite 618,Jenkinsfurt,Texas,65783,205.788.0472,United States
Marc Foster,61882 Nelson Vista Suite 321,Lake Rhonda,Kentucky,33970,3727336148,United States
Evan Evans,640 West Cliffs,Lake Stephanieberg,North Dakota,54491,902.769.1943x7712,United States
Tammy Peterson,24364 Tamara Village Apt. 339,Mooreborough,West Virginia,51210,965-225-5030,United States
Sarah Henry,3350 Adams Rapid,New Larrystad,New Hampshire,50162,001-728-417-4495x1916,United States
Jacob Moore,0383 Campbell Mill,South Mariachester,Rhode Island,10832,955-566-6391x898,United States
Jessica Wallace,8941 Mary Place Apt. 591,New Maryside,Indiana,37634,4156839555,United States
Ray Moses,744 Welch Coves,Darlenefurt,New York,85131,535-845-2083x7985,United States
William Daniels,89725 Matthew Plain,Diazchester,Vermont,31532,(502)205-1478x9380,United States
Janice Sanford,835 Allen Islands Suite 714,West Stacy,Maryland,75250,(864)759-9889x699,United States
Joyce Graves,390 Jason Pike Suite 159,Joshuaview,North Carolina,05912,536.992.7857x4430,United States
Leah King,004 Mary Summit,Port Michael,Hawaii,01277,6084432240,United States
Jesus Moody,058 Robert Plains,North Rogerview,Iowa,26472,923-217-0786x83403,United States
Joshua White,9193 White Row,Julietown,Arizona,94593,+1-536-880-7737,United States
Jennifer Dorsey,0289 Goodwin Roads,South Emily,Washington,76515,(454)657-5454x5730,United States
Stacey Brown,508 Eric Fort,Taylorstad,Massachusetts,65430,001-208-394-8336x717,United States
Krista White,93400 Salazar Turnpike,Emmaborough,New York,51564,454-858-9069,United States
Jennifer Rodriguez,1591 Johnson Crossing,Port Moniquefurt,Ohio,47096,(339)273-7416,United States
Lori Perry,466 Williams Road Apt. 248,West Ronaldmouth,Nevada,88739,590.814.2650,United States
Tracy Mason DVM,6018 Walker Roads,Myerston,Mississippi,13741,9522925886,United States
Brandon Oconnell,7487 Smith Fords Suite 732,Jayton,Iowa,74251,919.451.6517x363,United States
Nathaniel Medina,624 Danielle Field Suite 066,North Kyle,Maryland,55233,205-592-5324,United States
Christina Hall,1710 Lambert Mission,New Virginiastad,Louisiana,72218,(207)233-3930x31049,United States
Natasha Parker,418 Miranda Port Apt. 207,Ashleyville,Tennessee,74955,(886)299-2194x212,United States
Patrick Nguyen,3839 Freeman Lake,New Lauren,Ohio,05829,(477)242-5770x4586,United States
Michelle Garcia,45554 Crawford Path,East Nathantown,Arkansas,79570,+1-718-484-1796x506,United States
George Burns,591 Jill Roads Suite 731,North Sherryside,Washington,18239,614-320-9817x756,United States
Lori Lamb,50948 Micheal Spurs Suite 809,East Paulville,Ohio,67806,+1-403-867-6214,United States
Luis Vasquez,01785 Amber Camp Suite 458,Lake Joseph,Maine,90876,001-390-988-2128x97063,United States
Megan Flores,1931 Alec Curve,North Kristina,New York,65895,697.519.7599,United States
Jesus Sims,4079 Sarah Hill Apt. 088,Dustinport,Nebraska,75912,(902)476-3941,United States
Anna Weber,5654 Jensen Lake Apt. 086,Hawkinsborough,Kentucky,03845,490-962-6307x404,United States
Christopher Hernandez,22205 Bryant Station,Benjamintown,Texas,64122,886-699-8037x79731,United States
Michael Sparks,00344 Russell Vista Apt. 288,Parkerburgh,Texas,95580,2244759581,United States
Sandra Young,1928 Lisa Lock Apt. 999,Amyfurt,Idaho,35599,+1-271-376-6808x52927,United States
Rachel Drake,5383 Miller Ways,Lake Shawn,Arkansas,15248,2558614390,United States
Raymond Miller,080 Peterson Crossing Suite 606,South Miguel,California,10085,262-983-5724x156,United States
Sarah Pierce,2888 Lawson Falls Apt. 010,East David,Kansas,88044,+1-926-781-8753x90583,United States
Hunter Moore,764 Murphy Manors,Lake Ronnie,North Dakota,65703,(640)945-3285x3377,United States
Pamela Lee,35296 Corey Meadows Suite 634,Taylormouth,Minnesota,66943,496.850.3863x5730,United States
Heather Jimenez,4667 Hurley View,East Chloe,Oregon,81802,542-989-4343x476,United States
Donald Paul,37294 Vanessa Run Apt. 153,Charleshaven,Delaware,42934,(726)625-5557,United States
Michael Davis,772 Chelsea Viaduct Suite 079,Adamstown,Pennsylvania,38755,001-361-269-4155x92427,United States
Adam Miller,2956 Richard Ridge,Jeffstad,Idaho,15800,298-733-2083x9835,United States
Joshua Johnson,320 Taylor Square,New Laura,Massachusetts,66876,899.837.0207x0161,United States
Karen Burnett,42264 Alvarez Locks Suite 877,East Amber,Iowa,23905,203.253.3599,United States
Jennifer Branch,0619 Teresa Square,West Bradleymouth,Oregon,69498,313.565.5258x631,United States
Willie Wood,06407 Bryant Plains,New Richard,New Hampshire,86033,(651)839-6958x731,United States
Margaret Burton,36633 Summers Common,South Gary,Illinois,69404,526.251.6594,United States
Timothy Ewing,412 Jill Islands,Andreaton,Arizona,07156,+1-213-610-8106x66945,United States
Alexa Navarro,009 Higgins Village,North James,Wyoming,24704,675.610.0174,United States
Jillian Rodriguez,2397 Brewer Village,East Randallstad,Mississippi,64847,433.845.1491,United States
Michael Adams,34508 Darrell Meadow Apt. 905,South Brittneyfurt,New Hampshire,88416,7905668237,United States
Brenda Peterson,2536 Kristin Trafficway,Braymouth,Indiana,59587,+1-606-977-0737x7727,United States
Alexis Garcia,463 Elaine Inlet,Jonathanfurt,Vermont,77219,412.719.0313x97582,United States
David Ray,497 Franklin Dale Apt. 149,Pamelahaven,Pennsylvania,84068,9624162989,United States
Veronica Lang,6112 Sheri Oval,North Joshua,Idaho,30261,(369)568-4102x347,United States
Sonia Benjamin,772 Martinez Canyon,Welchfurt,Utah,02243,001-702-870-6017x519,United States
Jennifer Mccullough,7116 Robinson Highway,Valdezview,New York,41776,001-885-697-8503x65319,United States
Maria Garcia,021 Ricky Pass,Lake Elizabethville,Rhode Island,59180,(225)927-9635x4786,United States
Robert Manning,9045 Haley Wall,East Reginafurt,Idaho,20816,827.318.0815,United States
Diana Barber,7850 Hopkins Radial Suite 627,North Brian,Ohio,94062,935-474-0978x9343,United States
Rachel Cervantes,23313 Linda Cove,Bakerville,South Dakota,43579,(863)266-2091,United States
Tony Jackson,944 Chavez Place,East Wendy,Idaho,31837,718-464-1210,United States
Jeffery Johnson,037 Jennifer Lodge,South Johntown,Tennessee,53684,297-719-2845x736,United States
Laura Lang,8728 Debra Cliff Suite 915,South Justin,Hawaii,53800,(575)510-5747,United States
James Medina,051 Jimmy Fords Apt. 169,Perryborough,Delaware,88924,+1-329-473-7324,United States
Jennifer Flowers,2338 Michael Stream,Raymondside,Hawaii,89447,(849)819-9751x47421,United States
Spencer Braun,78240 Cross Glen,West Johnview,North Dakota,67639,+1-549-566-9626x67638,United States
Brian Ward,5960 Pam Prairie,Ingrambury,New York,98960,470-471-4675x235,United States
William Walker Jr.,9376 Trevor Burgs,Rosshaven,Delaware,44359,651.326.0924,United States
Colleen Webb,0674 Laura Field,Woodport,Ohio,97337,(331)648-4081x1670,United States
Christina Romero,991 Sheppard Roads,South Daniel,Arkansas,76762,001-988-276-8524x081,United States
Stefanie Smith,8079 Schneider Station,Jamesstad,North Carolina,04476,(205)497-5479x92097,United States
Leonard Thompson,536 William Cliffs,South Andreaborough,Oklahoma,63592,(754)993-7857x122,United States
Carmen Parker,5839 Boyle Parkway,Shanetown,Michigan,33325,001-536-825-4186x475,United States
Colin Powell,149 Dougherty Glens,Port Catherine,Maryland,44292,747-906-1959x15267,United States
Nicole Small,90857 Zachary Mission,Dicksonville,New Jersey,15498,001-763-753-8876x877,United States
Jeffrey Williams,73246 Crystal Mills Suite 770,Daltonfort,Arizona,25305,001-888-508-2398x8217,United States
Chad Henson,31859 Smith Parks,South Peggyburgh,Arkansas,92961,760.943.2808x59029,United States
Alan Parker,341 Michael Green,Port April,Illinois,61048,(952)756-0422x073,United States
Christian Cooper,88178 Flowers Crescent,New Saraburgh,Oregon,98515,(885)536-5315x680,United States
Samuel Crawford Jr.,1910 Williams Circle Suite 788,Williamburgh,Michigan,47316,(952)350-1377,United States
Angela Peterson,72751 Washington Knoll,South Johnville,Washington,56966,+1-676-213-8260x0285,United States
Kyle Yates,6468 Christine River,New Aprilfurt,Nevada,01424,912-924-9011x12472,United States
Patricia Harper,90755 Cook Cape Apt. 320,Christinemouth,California,05511,228-866-9904x3754,United States
Leah Brown,03041 Johnson Well,South Stephen,New Hampshire,42734,3308136068,United States
Kristen Clark,476 Don Port,Waltersshire,Hawaii,91538,382-228-2161,United States
Dillon Escobar,727 Howard Trafficway,Jefferybury,Indiana,97541,+1-963-273-8742,United States
Craig Moss,88127 Anthony Ridges Apt. 852,Micheleshire,North Carolina,23511,+1-412-728-0459x17397,United States
Ronald Hunt,880 Smith Crest,Perryville,Arizona,78140,795-352-8977x84620,United States
William Jensen,9835 Matthew Brooks Apt. 763,Port Brittany,Pennsylvania,82099,(992)439-1149x764,United States
William Salazar,4302 Nguyen Islands Apt. 736,Port Donnafurt,Minnesota,03324,582.479.9853x0177,United States
Rebecca Davis,836 Tracy Mall Apt. 406,Joannamouth,Michigan,15202,(690)980-7599,United States
James Nelson,350 Katherine Course Apt. 973,Mcgeeton,New Jersey,14320,001-917-719-7070,United States
Andrea Chapman,37228 Jorge Route Suite 884,Lisatown,Kentucky,48617,001-939-989-9277x7428,United States
Madison Bass,94968 Charlotte Burgs Suite 527,West Matthew,Oklahoma,55547,+1-996-362-7189x28160,United States
Steven Aguilar,324 Walker Island,Charlesview,California,21633,906-707-5287x25112,United States
Michael Garcia,82192 Kelly Centers,Boyerville,Oklahoma,11742,524.412.1029x581,United States
Debra Brown,91819 Connor Meadow Suite 294,Port Katrinaburgh,South Dakota,15602,2698039027,United States
Amy Harris,83197 Reed Creek Suite 341,Gallegosfurt,Louisiana,55697,724.931.5588,United States
Felicia Garrett,411 Murphy Extensions,Alyssaburgh,Maine,10904,(363)871-8177,United States
Megan Bailey,4516 Brooks Station Suite 262,Erinmouth,Maryland,53110,(470)799-6549x1533,United States
Lisa Perry,42299 Miles Spring Apt. 914,New Georgefort,Washington,73192,279-443-3832,United States
Laura Casey,1854 Burns Passage,Mortonhaven,Virginia,32305,+1-371-505-5561x228,United States
Carrie Gregory,0125 Aaron Trafficway,West Jameston,Vermont,53185,+1-599-553-2656,United States
Darius Douglas,7277 Melanie Neck Suite 190,Whitneyfurt,New Jersey,86653,+1-434-954-4432x4087,United States
Lisa Gonzalez,3550 Jessica Stravenue Suite 356,North Bruce,Maryland,77004,(854)745-7883x24339,United States
Austin Pitts,75133 Robert Tunnel,Wilkinsonport,Wyoming,63820,001-815-212-1580,United States
Amy Montgomery,07016 Alvarado Center,Robertburgh,Missouri,73094,327-483-7515x3119,United States
William Garcia,8070 Colleen Vista Apt. 140,Charlestown,Montana,89771,+1-282-228-5524x1172,United States
Ms. Elizabeth Jones MD,859 Natasha Ports,Tylerberg,Mississippi,07092,001-401-918-7699,United States
Gloria Blevins,4149 Webb Common,East Blake,Arizona,22851,758.603.3422,United States
Roy Ortiz,7385 Robin Dam Apt. 208,Warrenborough,Delaware,10611,3447322219,United States
Michael Lawson,306 Yvonne Camp,Oliverville,Connecticut,43109,724.580.6171,United States
Melissa Sandoval,4487 Andrea Crescent,South Ryan,Vermont,05141,(695)578-4057,United States
Michael Garner,28228 Blanchard Corner Suite 506,Ericton,Georgia,78713,(285)540-6659,United States
James Nguyen,296 Matthew Plain,Stevenborough,Colorado,76069,001-664-354-7668x4628,United States
Nicole Cook,36769 Gregory Crossroad,North Michelle,Colorado,02470,001-667-407-2210x616,United States
Sean Sheppard,55687 Bradley Row Suite 666,West Markfurt,California,98159,783-564-8335x9732,United States
Jesus Marshall,357 Bailey Prairie,Michellebury,Massachusetts,91195,001-476-908-8252x6223,United States
Kimberly Glass,3318 Melton Brook Suite 713,Lake Jackson,Ohio,21450,4843942672,United States
Katherine Payne,39117 Eduardo Prairie,South Karlachester,Louisiana,95031,355-513-0548,United States
Maureen Brooks,4334 Alex Flat Apt. 485,New Sharon,Tennessee,21515,900-511-8825,United States
Colleen Miller,260 Hancock Wells Suite 974,North Melanie,New York,54711,(667)547-1566x351,United States
Heather Hamilton,74675 Phillips Forges,New Henryberg,South Carolina,52792,001-557-522-7318x1431,United States
James Davis,2979 Sharon Brook,Kevinport,Montana,12586,(490)826-2362x4329,United States
Lisa Hood,372 Ashley Park Suite 798,Laurieport,South Carolina,98722,938-307-7212,United States
Julian Lawrence,0183 David Rue,Rodriguezborough,Hawaii,15361,001-728-797-1658,United States
David Hernandez,049 Richard Landing Suite 495,New James,Ohio,81240,001-709-720-5104x19377,United States
Veronica Martin,25331 Mark Fords Suite 413,West Bruce,North Dakota,90378,+1-253-289-4815,United States
Miranda Owens,786 Ryan Canyon,Margaretberg,Delaware,03848,001-349-893-2536,United States
Heather Simmons,786 Benton Loaf,Kirbybury,New Mexico,41378,7796049044,United States
Cynthia Smith,152 Johnson Hills,Johnsonport,Iowa,49638,(578)541-0074x9116,United States
Jack Todd,7672 Andrew Rapid Suite 997,South Xavierport,Oregon,44866,751-400-3719,United States
William Anderson,28552 Morales Fields,West John,Delaware,78194,001-590-692-8162x42434,United States
Stephanie Munoz,2459 Brown Gardens Apt. 653,Jessicaburgh,Nebraska,78314,859.916.4367x32715,United States
Tiffany Hughes,95060 Quinn Fall Suite 342,South Deborahfort,Colorado,27749,(503)592-2007x009,United States
Mark Little,22049 Roger Coves,New Stephaniemouth,Oregon,60495,001-781-904-8123x6890,United States
Meredith Richardson,58878 Gary Ridges Suite 385,New Davidbury,Hawaii,33916,001-635-204-7872,United States
Jennifer Daniels,1097 Sandra Plaza,East Mariamouth,Colorado,35682,937.357.4670x88721,United States
Christina Hernandez,694 Gomez Fords Apt. 900,Arthurborough,North Carolina,46139,(293)468-3104,United States
Desiree Townsend,2265 Stacy Locks,Port Melinda,Iowa,44195,(253)508-6216,United States
Eric Baker,67168 Ramirez Rapid,North Amandaborough,New Mexico,51089,317.718.4427x151,United States
Tara Rodriguez,12566 Sydney Mountains Suite 268,West Rebeccaside,Oklahoma,99791,+1-367-447-9180x34966,United States
Andrew Hunter,023 Lewis Club,Randallborough,North Dakota,23220,301-305-2177x9602,United States
Thomas Jones,952 Jason Underpass Apt. 890,Scottfurt,Maryland,01399,921.404.9624x882,United States
Rachel Davis,58124 Alejandro Flats Apt. 551,Danielport,Indiana,37357,(828)989-2067,United States
Shane Nelson,941 Ingram Village Apt. 611,Morafort,Nevada,87155,9725755349,United States
Spencer Adkins,1733 Lisa Burg,Port Jenniferport,Kansas,15292,001-980-846-4280x153,United States
Bonnie Cohen,5688 Rodriguez Dale Suite 488,Port Shannonview,Missouri,82855,840.430.9700x03585,United States
Ryan Ballard,3659 Christian Prairie,Mannland,Nebraska,21150,650.867.0406,United States
David Werner,857 Moore Stream Suite 022,Lake Nicoleshire,Rhode Island,82078,(388)427-5993,United States
Cheryl Johnson,18857 Michelle Ville Apt. 967,Lake Kyle,Mississippi,75736,+1-703-901-8679x1296,United States
Fernando Robinson,4326 Cox Points Apt. 832,Lindaborough,Kentucky,79129,(262)776-2028,United States
Katie Scott,129 Donna Plaza Suite 465,Port Christopher,Utah,23104,(363)421-2456,United States
Ashley Buchanan,72879 Patterson Light,East Jessica,New York,83689,697-516-3427x5534,United States
Rachel Smith,722 Shawn Ville Suite 270,Nathanshire,Illinois,13842,2196562900,United States
William Contreras,66530 Shawn Union Suite 201,North Matthewberg,North Carolina,43611,684.636.6171,United States
Ryan Jacobson,288 Brittany Rue Apt. 888,Port Tanyaton,New Hampshire,70208,+1-794-642-3855,United States
Jeremy Little,004 James Roads,Christytown,Nevada,13702,+1-704-368-2529,United States
Jeremy Sharp,7164 Taylor Parkway Apt. 311,Amberstad,Nebraska,26643,+1-856-432-4295x882,United States
Lori Clark,3097 Melissa Forest,Gregoryburgh,Kentucky,44121,767.405.9798,United States
Theresa Martinez,44684 Harrison Rest Suite 856,West Gary,Arkansas,88288,332-703-2638,United States
Patricia Mclaughlin,859 Johnson Via Apt. 974,Keithtown,Vermont,74182,8493599521,United States
Hannah Martin,33495 Frey Rapid Suite 262,North Paul,Utah,65025,+1-340-469-4442x13332,United States
Sara Martinez,119 Hunter Mill,North Rachelfurt,West Virginia,29790,748-463-1154,United States
Devin Owens,1200 Cherry Prairie Suite 225,New Christopher,Wisconsin,20660,(608)730-5658,United States
Ryan Jones,70088 Cynthia Extensions Apt. 425,Karenfurt,Arkansas,49998,(563)735-9934x6527,United States
Robert Macias,0110 Hanna Harbor Apt. 052,North Evan,Maryland,94328,001-309-977-5396x08801,United States
Walter Park,42820 Dustin Heights Suite 741,New Patriciaview,Hawaii,57983,+1-340-573-1445,United States
Justin Cox,8012 Christine Mission,Catherinebury,Alaska,46040,+1-945-406-3918x2195,United States
Christopher Simpson,03614 Lewis Pines Suite 231,West Jonathanborough,Nebraska,02031,4986337483,United States
Melissa Fleming,868 Diana Square Suite 408,North Krystal,Michigan,72839,+1-863-597-6988x6589,United States
Barbara Wright,00760 Smith Greens Suite 645,North Robertport,Montana,48691,+1-420-301-2224x2772,United States
Melissa Rodriguez,319 Rodriguez Rapids Suite 400,Bentonshire,Maine,96629,+1-715-522-5227x1342,United States
Mr. Brandon Harding,494 Donald Mill,Phyllisborough,Florida,85470,661-367-8058,United States
Kristy Herrera,09232 Amy Ferry,Maloneton,North Dakota,80195,001-310-772-9026x4719,United States
Aaron Nichols DVM,56240 Jennifer Vista,Lauraberg,Colorado,85717,+1-900-924-9411,United States
Mario Acosta,8104 Lucas Parks Apt. 714,Lake Tiffanyfort,Arizona,94875,745-785-9389x1306,United States
Noah Johnson,8936 Wiley Creek,Rodriguezside,New Mexico,39801,001-448-792-7355x936,United States
Mark Kaufman,582 Rebecca Summit Apt. 555,Christinamouth,Oregon,60343,8595689083,United States
Shari Espinoza,4784 Gomez Ports,Davidville,Alabama,28968,+1-586-856-4653x152,United States
Heather White,32514 Allison Ridge Apt. 112,East Kimstad,Colorado,17194,236-518-0198x47868,United States
Susan Ross,4918 Amy Lake,Richardville,New York,90320,001-395-540-1552x7813,United States
Paul Bailey,50602 Charles Ford Suite 112,Lake Heather,Ohio,59562,001-945-540-2142x7213,United States
Bryan Williams DDS,96679 Fry Walk,North Kristi,Kentucky,93328,(543)625-2098x5623,United States
Stacie Clark,9153 Quinn Groves,Farmerborough,Rhode Island,63681,840.891.5547x76113,United States
Gary Decker,31859 Robert Burg,Port Matthewville,Minnesota,86496,(606)674-2982,United States
Frank Lewis,7755 Garcia Grove Apt. 826,Lake Ashleytown,South Dakota,16376,001-648-922-7571x390,United States
Keith Mueller,926 Nicole Shoals Apt. 060,Port Beverlyland,Connecticut,64390,587-946-4613x57780,United States
Summer Rivers,08742 Lydia Terrace,West Holly,Massachusetts,74119,433.324.0455x3544,United States
Kaitlyn Moran,83809 Alicia Ranch Apt. 344,Jensentown,Wisconsin,89814,542-466-4250,United States
Brittany Charles,54565 Tanner Valleys,Jonesville,Tennessee,86114,(470)901-0330,United States
Samantha Fox,361 Rebecca Pass Suite 940,Williamview,Michigan,53616,001-373-561-1412,United States
Sarah Ross,28818 Meyers Village,Lake Cheryl,Utah,67439,6045148065,United States
Clinton Jones,4109 Mary Shoal Apt. 188,East Brookeburgh,South Carolina,09442,704.969.1320,United States
Adam Cannon,66471 Zuniga Rapid,Melissaland,Arizona,87036,+1-408-608-3057x047,United States
Jacob David,50279 Nancy Fall,Latoyaland,South Dakota,94730,001-441-827-6396x837,United States
Jeff Miles,247 Crane Isle,Lake Samanthamouth,Maine,20030,275-580-8785x486,United States
Kayla Montoya,9187 Edward Spring Suite 458,Kelseymouth,Vermont,88575,889.983.3522x9677,United States
Aaron Miller,08668 John Falls,West Markmouth,Alaska,56985,+1-395-700-6471x67076,United States
Robert Jones,53390 Matthew Rue,Robertside,South Carolina,90158,(785)553-6764x30881,United States
Scott Collins,53623 David Divide Suite 692,Michaelberg,North Carolina,03052,+1-616-825-6099x47296,United States
Thomas Good,307 Teresa Circle Apt. 900,Josephhaven,Arizona,15397,001-207-784-7923x012,United States
William Steele,40006 Stephen Grove,East Jeffrey,Michigan,18260,772-702-8864x72316,United States
Ryan Johnson,342 Phillips Place Apt. 225,Martinezmouth,Washington,92126,001-308-335-5027x1938,United States
Kenneth Mejia,02386 Shannon Shore Apt. 856,Roachstad,Kansas,39999,001-453-692-4855x24424,United States
Christopher Jenkins,48801 Mariah Forges,East Roberttown,Texas,25739,(273)491-3776x28928,United States
Brittney Perez,653 Eric Brook Suite 401,Billbury,Maine,03284,+1-899-495-1062x560,United States
Kirk Watson,3967 Stephanie Mountains,Scottborough,Indiana,70430,001-518-871-3916x34351,United States
Grant Nguyen,719 Kari Roads Apt. 820,Port Anthonyland,Mississippi,75485,(907)979-9038x975,United States
Daniel Norton,151 Sarah Lane,South Evanshire,Ohio,16287,+1-731-691-2421x088,United States
Darrell Booth,379 Diaz Radial Suite 781,Hillland,South Dakota,68672,735.445.1637x842,United States
Thomas Oliver,442 Elliott Shore Suite 609,South Markland,Nebraska,68452,+1-912-318-2485x2255,United States
Anthony Colon,4623 Taylor Lock,Lake Lawrenceberg,Wyoming,54247,+1-457-342-8158,United States
Ryan Kerr,33516 Danielle Cliff,New Maria,Michigan,67597,350-364-0143,United States
Stephanie Hess,28630 Becky Plains,New James,Louisiana,94507,+1-242-434-7530,United States
Tracey Harris,4453 Carlson Fields Suite 775,Port Donna,Ohio,61418,637-669-8264,United States
Victor Doyle,95329 Russell Track Suite 128,South Jessicabury,Washington,81309,+1-709-863-3522x08703,United States
Ronald Peterson,59204 Evans Highway,Lake Janicefort,Idaho,88823,+1-824-955-1958x155,United States
Kayla Navarro,051 Santana Corners,Ortegastad,Alabama,37310,001-471-845-5677x9164,United States
Phillip Mcconnell,64339 Bass Shores,Staceyport,Colorado,74950,(501)778-3725x00834,United States
Alejandro Barnett,35162 Jessica Row Apt. 048,New Christinefurt,North Dakota,11761,+1-955-505-6990x602,United States
Christina Melendez DVM,1399 Bishop Drives Suite 433,Brianmouth,North Dakota,22484,617.902.4285,United States
Jacqueline Chase,97140 Taylor Lane Suite 813,Port Laurastad,Montana,71620,(284)227-0175,United States
Patrick Nelson,80513 Ronald Crest,West Justin,Louisiana,11984,293-218-8730x8389,United States
Justin Burke,5497 Randy Key Apt. 345,Port George,New York,12037,7879924497,United States
Jennifer King,05917 Mary Gardens Suite 828,Markstad,Arkansas,57519,896-460-6148,United States
Andrea Nelson,2515 Margaret Lakes,South Nathanbury,Alaska,32806,(363)489-5415x55179,United States
Sally Vincent,115 Christian Crossroad Suite 319,Michaelfurt,Oregon,13374,(502)875-6831,United States
Peter Ward,88479 Gregory Bridge Suite 620,Warnermouth,Illinois,98890,(245)340-0415,United States
Daniel Blackburn,71688 Fuller Mission,Christineburgh,Colorado,35626,(782)441-0759x852,United States
Dawn Jordan,944 Cody Ways,Lake Stephenborough,Connecticut,73408,390.794.1946x1660,United States
Lindsey Brown,470 Brown Corners,Port Nicolasport,Kentucky,80347,279.278.7767x41883,United States
Stacey Sanders,527 Christine Canyon,Lewismouth,Nebraska,27480,752.763.4249x44370,United States
Tanya Williams,713 Huff Glen,New Sara,Iowa,41122,(972)520-0616x0108,United States
Karen Smith,99215 Shelly Streets,South Michael,New Mexico,44436,+1-897-988-1193,United States
Heather Barrera,913 Lee Inlet Suite 163,East Lynnside,Vermont,90610,+1-704-485-4899x18756,United States
Cody Chapman,87820 Martinez Island Suite 608,West James,North Dakota,82905,(844)899-4627,United States
Todd Bishop,8320 James Station Apt. 861,New Teresa,West Virginia,79915,(310)524-8331,United States
Andrea Douglas,449 Adkins Squares Apt. 861,Jesusburgh,Minnesota,01407,(669)476-9571,United States
Nicholas Powers,1388 Brady Islands,East Jaime,North Carolina,01780,+1-885-925-8825x2750,United States
Carl Guerra,71091 Nicole Street Apt. 410,Lake Davidtown,Tennessee,18965,330.886.6602,United States
George Johnson,17066 Brittany Lake Apt. 329,South Amandabury,Hawaii,79496,(392)344-2651x9837,United States
Jason Taylor,63370 Glenn Green,Michaelmouth,California,26707,639.594.5234x0591,United States
Ryan Castro,486 Nicole Views,Fitzgeraldmouth,Illinois,77612,6343824252,United States
Gregory Stephenson,531 Eric Ways,Lake Jose,Florida,14258,001-329-363-5570x0114,United States
Lacey Meza,20781 Thomas Turnpike Suite 201,South Albert,Minnesota,27485,+1-374-293-5858x7691,United States
Autumn Rowland,081 Elizabeth Ridges,South Chadhaven,Pennsylvania,36077,739-419-8701x066,United States
Kevin Johnson,32201 Martinez Brooks Suite 902,South Johnbury,Indiana,02641,(744)305-0652,United States
Joshua Ray,155 Hector Cove Apt. 224,Danielsmouth,North Dakota,46844,2348458601,United States
Morgan Chang,987 Williams Plain Apt. 902,Steveburgh,Tennessee,67707,001-798-666-6236x250,United States
Preston Wilson,362 Timothy Squares Suite 707,North William,Minnesota,99860,686-880-6126,United States
Brandon Nelson,3990 Jones Lights Apt. 088,Jenningsborough,Georgia,57629,460-811-4789x32731,United States
Miss Amanda Hayes DDS,8296 William Lodge Apt. 020,Benjaminville,Wisconsin,25064,+1-671-694-1703,United States
Ryan Williams,94383 Kari Lodge Apt. 125,Gonzalezton,Oklahoma,04421,001-771-278-7123x4031,United States
Darrell Smith,0789 Ewing Mountains Suite 076,Bauerstad,Oregon,17410,(505)597-5594x76808,United States
Hayden Wells,66060 Rodriguez Cliff Apt. 203,Jenniferhaven,California,83200,497.779.3921x940,United States
Amber James,82004 Bennett Grove,Lake Jessefurt,Wisconsin,69345,888-959-0650x6263,United States
Jessica Reyes,8559 Park Fork,West Christineton,Colorado,72924,(493)726-6787,United States
Amy Rogers,76411 Laura Union,Johnsonborough,Oregon,10758,001-621-544-7417x291,United States
Troy Cannon,93253 Brandon Road Apt. 277,Lake John,Massachusetts,84489,(354)619-4292,United States
Christopher Willis,474 Fletcher Groves,Lake Krista,Vermont,46099,849-890-2767x6980,United States
Damon Daugherty,669 Margaret Tunnel,Powellfort,Idaho,36359,618-959-9901,United States
Mrs. Rebecca Morales,55630 James Greens,Kevinberg,Oklahoma,14436,530.515.3983x818,United States
Samantha Frank,065 Pugh Forges,Wendyton,Rhode Island,92903,(996)463-1248,United States
Tina Garcia,328 Butler Bridge,Daltonside,New Mexico,24917,806-689-8767,United States
Christopher Mejia,185 Edward Ranch,Lake Taramouth,Minnesota,90465,001-509-804-1970x8524,United States
Joan White,403 Christian Stravenue Suite 633,West Antonio,Illinois,47385,986.780.3925,United States
Sean Miller,4600 Amy Expressway Suite 726,Gonzalesmouth,Minnesota,17188,700.433.7945x40884,United States
Anthony Humphrey,73221 Conrad Hill,North Alexander,Washington,28873,(463)290-4518x989,United States
Melissa Prince,9626 Rebecca Spur,South Kellyville,California,06356,3434844160,United States
Patricia Holder,99450 Manuel Ports Apt. 638,Port Shannon,South Dakota,86791,2503134344,United States
Emily Reed,6558 David Spur,East Darius,Minnesota,81537,575-475-6705x02394,United States
Bryce Ruiz,422 James Divide Apt. 039,Andreastad,North Carolina,27514,+1-765-440-4023x3927,United States
Marcus Roberson,1601 Charles Village,Jonathanhaven,Pennsylvania,40905,864.354.7539x23470,United States
Veronica Ayers,49663 Christine Green Suite 530,Goodmanland,New York,37576,(451)988-4826x5511,United States
Brian Smith,785 Mckenzie Causeway,Ballton,Georgia,43895,368-550-8921x38360,United States
Spencer Phillips,88886 Dorsey Stream,Nicholasshire,Virginia,75061,001-921-445-7292,United States
Andrew Moore,5099 Thomas Island Apt. 993,Ryanfurt,Oklahoma,88958,+1-409-568-2608x609,United States
David Grant,397 Evans Ranch,Mitchellchester,Georgia,33076,392.562.6218x880,United States
William Morrison,671 Kristen Motorway Apt. 504,New Janetstad,Maryland,54291,740-570-5182x4032,United States
Lindsey Sims,84881 Summers Road Apt. 529,Ianberg,Nebraska,37577,001-523-550-6957x17626,United States
Karen Terry,2555 Trevino Skyway Suite 103,Bryanchester,Arkansas,09286,241-942-2189x605,United States
Christopher Duncan,680 Cruz Islands,Maysburgh,Maryland,55636,001-567-937-6073x67553,United States
Michael Hahn,62136 Lee Light Suite 470,Ericbury,North Carolina,02548,+1-523-238-2446x1843,United States
Ashley Gomez,5364 Erickson Curve,East Benjamin,Nebraska,04583,719-422-6282,United States
Amanda Martinez,6344 Stacey Burgs Suite 386,Ashleyburgh,Louisiana,73142,001-837-826-1953x742,United States
Jason Nguyen,457 Evans Expressway Suite 697,Javierport,Montana,11392,661.648.5318x833,United States
Matthew Hawkins,3547 Diaz Port,Molinaburgh,Texas,51041,653-707-5327x2219,United States
Chelsea Horn,3870 Day Common Apt. 671,Chavezport,Oklahoma,27977,(341)516-3439x198,United States
Cameron Stone,38665 Amy Courts,Odonnellburgh,Wyoming,90244,+1-840-616-2821x66099,United States
Daniel Estrada,31256 Cooper Flats Suite 751,Port Daniel,Iowa,32596,541-811-4173x097,United States
Vicki Rodriguez,2396 Mary Streets Apt. 841,Murphyville,Rhode Island,17657,001-258-403-6586x0438,United States
George Cole,7587 Moran Spur,Stephenside,Colorado,42843,(806)526-0064,United States
Shaun Craig PhD,73380 Middleton Manor,Weberton,Illinois,35476,316-908-6336x38511,United States
Brian Jimenez,74351 Rodney Passage Suite 935,North Jonathan,Texas,62572,700.441.1554x01841,United States
Ryan White,14224 Ernest Landing Apt. 010,West Marvin,Pennsylvania,65095,8387522950,United States
Reginald Hernandez,566 Hernandez Mountains Apt. 834,Chambersshire,South Dakota,29208,309.627.8418,United States
Martha Barnes,0427 Johnson Centers Apt. 875,Port Paulmouth,Kansas,37689,538.463.0584,United States
Gregory Johnson,21857 Jonathan Corners Apt. 805,North Sophiaport,New York,65726,262.419.4410x1065,United States
Heidi Brady,8063 Nathan Park,West Joshua,Nevada,63848,001-890-817-4158,United States
Michael Waller,082 Valencia Glen Apt. 528,Leehaven,Minnesota,74684,(367)997-7329,United States
Nicholas Knapp,750 Lucas Loop,West Nicole,Virginia,50694,001-273-343-5577,United States
Kelly Warren,550 Friedman Roads,Gilbertchester,New York,41399,(857)231-8060x7651,United States
Megan James,4439 Karen Pine Apt. 008,Baileyview,Missouri,35213,(481)232-2936,United States
Madison Smith,97515 Foster Summit Apt. 032,West Stephen,New York,48157,936-549-6200,United States
Caitlin Farrell,174 Michelle Dale Suite 017,Lake Stephanie,Arizona,59801,4797574423,United States
Michael Schwartz,9031 Peck Radial,Beanberg,New Hampshire,13101,001-810-237-4969x836,United States
Mr. John Howard,388 Bowman Forks Apt. 009,Reyesfurt,Oklahoma,06340,406-214-9507x99113,United States
Stephanie Lewis,58257 Johnson Harbor Apt. 261,West Mary,Alabama,64390,372-389-5367x244,United States
Lisa Huerta,9437 Todd Mountain Apt. 490,East Colleenberg,Hawaii,38527,001-523-567-4755,United States
Adrian Murray,086 Mcgrath Rue Apt. 036,Port Kathleen,North Dakota,65436,(601)685-3960,United States
David Miller,26197 Lamb Plaza,Annatown,Florida,71595,001-677-731-7933,United States
Diane Chambers,614 Rangel Ways Suite 712,Blairberg,Maryland,47070,(974)762-3411x39392,United States
Michael Nichols,4039 Jared Falls Apt. 581,West Virginia,Colorado,50181,613-525-0313x5176,United States
Kevin Fuller,003 James Camp Suite 936,Washingtonport,Tennessee,01080,488.391.2070,United States
Jessica Hobbs,1915 Sarah Green Suite 176,West Melinda,Florida,41845,900-490-5390x402,United States
Julie Carter,445 Carrie Roads Suite 154,North Williamton,South Dakota,62546,3537756905,United States
Evan Jenkins,171 Julie Neck Suite 427,Port Rhonda,Missouri,71472,715-615-7787,United States
Stephanie Mendez,83673 Matthew Hills Suite 902,Joshualand,Missouri,48639,542-493-2289,United States
Jaime Ramsey,5209 King Station Suite 135,Alexaburgh,Vermont,76471,(501)477-5386x9171,United States
Patrick Ramirez,31151 Joshua Green Apt. 448,Parsonston,Delaware,68168,+1-356-559-5957,United States
Terry Ellis,8665 Bradley Mission,Millermouth,Idaho,30893,(478)471-8304x141,United States
John Greer,1923 William Passage,West Cynthiabury,Vermont,99846,(907)982-7274x1642,United States
Melissa Ward,3536 Gordon Courts,South Robinfort,South Dakota,16527,+1-223-876-2266x8015,United States
Patrick Sawyer,14190 Joseph Pike,East Michaelland,Georgia,15607,001-634-665-2032x1896,United States
Justin Sanford,2999 Davis Tunnel,Port Victorchester,Tennessee,15742,323.798.1854x335,United States
Larry Stone,13319 Parrish Lake,West Patricia,Michigan,48072,001-923-554-5327x1468,United States
James Cole,280 Melissa Ridges Suite 352,Nelsonhaven,Hawaii,69623,+1-480-337-9749,United States
Dennis Bauer,706 John Street Apt. 801,Johntown,Washington,63061,982.336.4098x97750,United States
Jennifer Valencia,63817 Alan Mountains,Newtonfurt,New York,32147,963-384-3519x9494,United States
Terry Hunt,2988 Kelly Route Suite 061,Lake Nicholastown,Maine,33977,001-874-614-4559,United States
Vicki Gray,807 Christopher Mall Apt. 783,South Roseview,Indiana,07367,824-506-1655x8367,United States
Mark Adams,11474 Tyler Highway Suite 888,North Joseville,North Dakota,48558,001-784-523-0066x10179,United States
Richard Olsen,24991 Natalie Island,Donnaland,Alaska,46219,549-291-1815x3410,United States
Faith Hurst,78457 Murphy Pike,North Ronnie,Maine,37005,001-709-581-1957x13537,United States
Jessica Wright,8075 Antonio Pass Suite 177,East Isaac,Connecticut,28782,(432)519-9750x0842,United States
Scott Parker,6088 Seth Burgs,Ronaldmouth,Maryland,90514,001-851-933-7459x571,United States
David Long,1505 Sarah Center Suite 737,Lake Wendy,Georgia,95782,270.562.1748x59227,United States
Maria Morrow,8018 Maddox Knoll Suite 765,Georgeshire,Massachusetts,51717,480-320-0041,United States
Nicholas Little,252 David Crest Apt. 998,Holmeshaven,Washington,71218,556.440.5418x66049,United States
Katherine Johnson,5015 Wallace Plaza Suite 447,Schwartzfort,South Dakota,98039,948.682.9949x7675,United States
Joseph Arroyo,731 Bradley Land Apt. 935,West Nina,Tennessee,46192,548-340-7157,United States
Martin Brock,6135 Julie Island Suite 818,Jonathanton,Georgia,36070,+1-881-231-0016,United States
Curtis Hines,783 Charles Street,Mitchellchester,North Dakota,91746,631-642-7016x0949,United States
John Pineda,9575 Kevin Mountains Apt. 496,Lake Christian,New Jersey,90441,3754933815,United States
Brian Williams,954 Alyssa Ridge Suite 351,New Jeffrey,Maryland,90749,669-655-0119,United States
Bradley Bailey,5225 Tucker Cape,Alexanderstad,Oregon,74648,(647)236-2453x792,United States
Charles Pierce,018 Buckley Cove Apt. 686,Matthewstad,Alaska,37421,9335645383,United States
Jill Franco,9194 Sanders Harbors,West Jasonberg,Oklahoma,85853,302.994.7649,United States
Leslie Proctor,4921 Barber Rapids Apt. 241,Garyberg,Alabama,10889,+1-960-973-7104x86773,United States
Douglas Guerrero MD,94073 Christopher Mountains Apt. 436,Thompsonland,North Carolina,74991,508.916.7759x6234,United States
Jeremiah Mack,2852 Gina Station,Matthewfurt,Pennsylvania,83660,(633)225-7774,United States
Jeremy Wilson,474 Chad Forge,West Tanya,Georgia,32754,917-999-5739x33143,United States
Alyssa White,99568 Donald Glen,Port Amber,Delaware,16061,877-791-1058,United States
Stephanie Ford,6057 Jeremiah Junction Apt. 537,North Kevin,New Hampshire,26595,001-893-483-5906,United States
Amanda Morgan MD,48064 Swanson Center,Lake Mark,Wisconsin,37707,+1-725-694-6580,United States
Maurice Gross,878 Martinez Keys Suite 108,North Jocelynbury,Iowa,01286,001-934-826-6004x34893,United States
Alexandra Harris,8214 Clarke Prairie Apt. 665,East Samantha,Oklahoma,23756,+1-659-525-5120x33984,United States
Nathan Johnson,3709 John Plains,Brandonville,Washington,69277,001-370-771-5217x3122,United States
Michael Rodriguez,7078 Davis Heights Apt. 327,Port Logan,Nebraska,62205,001-729-350-2633x315,United States
Stephanie Parker,7532 Hamilton Ports,Ibarraton,Alabama,68586,001-619-238-7153x0980,United States
Renee King,48878 Linda Spring Suite 658,Tiffanyville,Indiana,72086,3768201904,United States
Claudia Thomas,875 Brady Mountains Suite 795,Lopezfurt,West Virginia,96223,686.396.9035x39145,United States
Gina Bautista,2577 Kim Groves,West Christianport,Indiana,82471,001-237-573-7748x095,United States
Brian Stewart,42601 Bell Dam,New Lauren,Tennessee,18136,539-667-5785x99747,United States
Alicia Sutton,58004 Michael Harbors Apt. 662,Johnsonshire,Oklahoma,46694,001-333-911-9748x5817,United States
Lori Lambert,173 Allison Ville,North Jay,Arkansas,87894,290.903.8984x980,United States
Catherine Shaffer,51581 Kenneth Gateway Suite 618,Richardburgh,Rhode Island,64120,001-556-680-3796x38555,United States
Lorraine Hall,0542 Cole Springs,North Crystal,Oklahoma,54909,(492)805-4406x28562,United States
Jacqueline Hernandez,7600 Johnson Stream,Taraberg,Connecticut,54715,+1-961-504-0172x260,United States
Jennifer Randall,2119 Nelson Station,South Erica,Maine,50301,813-204-3384x90687,United States
Lisa Simmons,597 Johnson Alley Suite 286,Aaronville,Texas,55079,001-731-400-3036x5240,United States
Nicholas Ortiz,267 Johnson Curve,Austinhaven,Wyoming,66243,863.509.7752,United States
Joel Brown,9647 Steven Shores Suite 307,Simpsonburgh,South Carolina,68265,359-924-0675x2167,United States
Jonathan Lawrence,82304 Kelley Mountain,Janetside,South Dakota,08008,001-633-810-6172x7294,United States
Jose Dunn,5725 Goodwin Burg Suite 694,Johnstad,Tennessee,57869,(280)928-2877,United States
Michael Shaffer,02147 Keith Ramp,Sherryport,Texas,99125,998.495.8506x015,United States
Elizabeth Nelson,38000 Nicole Common Suite 712,Kellyberg,Virginia,92833,+1-884-581-6846x18849,United States
James Reilly,7934 Newman Track Suite 014,Gregoryshire,Ohio,71277,262.438.6540x72970,United States
Kristen Mayer,8575 Alejandro Mountains,Dukestad,Texas,86954,258-904-2494x1272,United States
Pamela Phillips,7672 Rebecca Cape Suite 377,Williamsland,Alabama,38861,001-773-374-4835,United States
Robert Smith,56999 Brett Lights,Port Jenna,West Virginia,32856,(604)538-7582x47024,United States
Mr. David Hoffman,9036 Sanchez Vista,West Davidmouth,Massachusetts,38246,6746449365,United States
Chad Hess,0911 Palmer Point Suite 158,Youngmouth,Kansas,90378,(269)215-5728,United States
Corey Mcguire,8574 Jody Fort Suite 327,Michellestad,Vermont,80751,795-711-9464x981,United States
Kyle Hardy,64320 Vargas Views Suite 295,North Kellyville,Minnesota,40430,001-897-623-9696x330,United States
Jacob Brown,4506 Bradshaw Cove,Lake Jamesborough,Delaware,07350,7987562751,United States
Gabriel Jones,97965 Mckinney Land,North Kevin,New Mexico,89465,(637)912-3189x669,United States
Austin Diaz II,97424 Jillian Lights,Amandaside,Texas,84503,001-912-780-7171x70475,United States
Ashley Reese,18007 Gary Parkways Suite 063,East Aprilhaven,New Mexico,71044,572-546-3831x92364,United States
Kiara Reynolds,138 Melissa Knolls,Jamesville,Louisiana,85072,+1-497-250-4705x332,United States
Robert Myers,956 Amanda Loaf,Rileystad,Georgia,61224,362.539.3273x1528,United States
Roger Nichols,102 Stephanie Rue,Villarrealfort,Alabama,03661,001-960-700-5456x6618,United States
Chris Lopez,23675 Michael Station,Lisaville,North Carolina,20784,(885)491-7571x9996,United States
Zachary Contreras,568 Walker Circle,New Kenneth,Utah,59943,001-777-597-1300x517,United States
Sandy Smith,48314 Vargas Plains,Carrburgh,Arkansas,52949,976.274.0611,United States
Kiara Taylor,7305 Scott Camp Apt. 546,Williamsburgh,Massachusetts,57243,542-992-7185x14996,United States
Jennifer Lozano,77537 Anthony Fort,Julieville,New Hampshire,84021,(537)600-2947x7797,United States
Dawn Hawkins,5537 Stephens Isle Apt. 607,Stricklandmouth,Kansas,00832,(840)273-1587x42935,United States
Ashley Stewart,3349 Joann Hollow Suite 604,Bentonfort,California,59333,718.354.1092x41283,United States
William Taylor,4810 Simmons Fields Apt. 016,Port Tracey,Illinois,85078,943-994-2270,United States
Allison Wang,92735 Danielle Parkway Apt. 858,Arroyomouth,Missouri,86264,+1-415-367-5562x024,United States
Timothy Miller,592 Mitchell Point Apt. 873,East David,Delaware,44432,2943561460,United States
John Miller,2345 Kathy Neck Suite 020,New Veronica,North Dakota,60709,643.854.3201x84011,United States
Melissa Roman,429 Griffin Glen,Port Vincentview,Michigan,97249,(555)237-6125,United States
Thomas Simon,64848 Evan Run Apt. 088,Davidtown,Connecticut,14554,660-298-1407,United States
Robert Freeman,361 Ronald Tunnel Apt. 213,Port Brian,Utah,86318,+1-301-909-2997x18528,United States
Calvin White,0538 Gordon Village,West Seanport,Oregon,04462,381-672-6341,United States
Mr. John Tucker,856 Reed Falls,Maryshire,Tennessee,19771,826-674-0622x14623,United States
Cynthia Scott,975 Matthew Track,West Jonathan,Indiana,49874,2826509992,United States
Joshua Peterson,62534 Compton Isle Apt. 940,Kellybury,Florida,59403,+1-606-776-2321x00462,United States
Keith Carlson,3676 Jacob Trafficway,Jamesport,Virginia,08556,001-394-543-4353x43466,United States
Natalie Clark,345 Brenda Meadows Suite 302,Brianmouth,Tennessee,60914,+1-200-722-9595,United States
Amanda Adams,067 Miranda Mission,West Lisa,Minnesota,55431,001-213-734-1948x06163,United States
Katie Cantu,74244 Erica Pike Apt. 888,New Karenstad,Michigan,63088,001-695-494-9019,United States
Michelle Miller,63113 Guzman Meadows,Madisonbury,Nevada,33510,001-255-659-3756x057,United States
Matthew Jackson,3066 Diaz Locks,Taylorstad,Florida,43194,(536)894-6718x9022,United States
Regina Guerra,9905 Lee Trace Apt. 908,Lesliehaven,North Carolina,22901,242.335.3015x89921,United States
Jeff Young,00477 Davis Inlet Apt. 682,New Johnborough,Kansas,60717,852.577.2163x6975,United States
Linda Barnes,8748 Smith Keys,Bellstad,Idaho,39289,262-908-1467,United States
Victoria James,554 Alicia Divide,Charlesstad,New Hampshire,81888,806-385-0805,United States
Phillip Brown,862 Flores Islands Apt. 093,Turnerfort,Nevada,52424,(661)883-2230x142,United States
Steven Cohen,38472 Kerry Port,Lake Bradleyport,Virginia,39806,504.581.4720,United States
Amy White,70385 Joshua Islands,Lake Margaretton,Idaho,32064,849-451-8662x863,United States
Kenneth Phillips,4965 Tyrone Wells,New Nathanside,Georgia,54860,582.537.8201,United States
Brendan Reese,65765 Kathryn Summit Apt. 007,Parkertown,Connecticut,76952,+1-975-231-8410x8931,United States
Benjamin Becker,55809 Hughes Meadow Apt. 861,Danielschester,Nebraska,24512,906.693.1559,United States
Justin King,4632 Warner Pass Apt. 003,Ryantown,North Carolina,99465,936-935-6540,United States
Nicholas Peterson,85874 Jennings Island Apt. 518,Schultzshire,California,77640,001-741-504-1963x8200,United States
James Butler,72862 Steven Expressway Apt. 474,New Kaitlin,Wisconsin,83374,514-946-2773,United States
Brian Alexander,37912 Steven Burg,East Jillian,Kansas,75943,708.251.8563,United States
Theresa Beasley,8742 Amber Ville,Jamesport,Oregon,91133,287.668.4724x3969,United States
Matthew Robles,1655 Brittany Stream Apt. 806,New Kevinfort,Arizona,15855,(693)437-0084x98077,United States
Leslie Brown,70251 Patrick Squares,Lake Jasonshire,Pennsylvania,71603,9284980760,United States
Dr. Rebecca Stafford,8086 Cynthia Lodge,West Julieborough,Utah,22029,001-795-772-5106x7444,United States
Tiffany Reese,788 Jackson Fall Apt. 523,Sallychester,Iowa,38482,+1-888-995-2073x4955,United States
